Date,Open,High,Low,Close,Adj Close,Volume
2017-11-01,17.100000,18.980000,16.549999,18.309999,18.309999,7533500
2017-11-02,18.049999,18.200001,17.330000,17.410000,17.410000,952100
2017-11-03,17.500000,19.400000,17.500000,19.370001,19.370001,842700
2017-11-06,19.059999,19.600000,18.101000,18.969999,18.969999,427400
2017-11-07,18.990000,19.945000,18.850000,19.510000,19.510000,1008700
2017-11-08,19.549999,20.379999,18.620001,20.360001,20.360001,558300
2017-11-09,20.120001,20.620001,20.000000,20.400000,20.400000,282500
2017-11-10,20.400000,20.850000,20.230000,20.760000,20.760000,132300
2017-11-13,20.620001,21.780001,20.500999,21.719999,21.719999,223000
2017-11-14,21.540001,22.980000,21.520000,22.360001,22.360001,318900
2017-11-15,22.530001,23.549999,22.030001,23.490000,23.490000,638200
2017-11-16,23.900000,23.999001,23.400000,23.940001,23.940001,328100
2017-11-17,23.940001,24.330000,23.750999,24.160000,24.160000,329600
2017-11-20,24.280001,24.950001,24.090000,24.760000,24.760000,308000
2017-11-21,24.889999,25.590000,24.280001,24.500000,24.500000,376700
2017-11-22,24.010000,24.299999,23.680000,23.940001,23.940001,296500
2017-11-24,23.860001,24.930000,23.860001,24.900000,24.900000,76200
2017-11-27,24.500000,25.090000,22.590000,22.650000,22.650000,353100
2017-11-28,23.379999,23.986000,22.870001,23.870001,23.870001,275400
2017-11-29,23.990000,24.340000,21.351999,22.139999,22.139999,396800
2017-11-30,22.180000,23.150000,21.844999,22.389999,22.389999,303000
2017-12-01,21.379999,24.629999,21.379999,23.459999,23.459999,533600
2017-12-04,23.480000,23.944000,21.600000,21.900000,21.900000,327800
2017-12-05,21.680000,22.940001,21.200001,21.559999,21.559999,435700
2017-12-06,21.209999,21.700001,20.500999,21.020000,21.020000,236200
2017-12-07,20.950001,22.700001,20.500000,22.200001,22.200001,293400
2017-12-08,22.320000,22.469999,21.385000,21.600000,21.600000,140200
2017-12-11,21.680000,23.110001,21.680000,23.080000,23.080000,145500
2017-12-12,22.969999,23.584999,22.129999,22.320000,22.320000,272300
2017-12-13,22.350000,22.980000,21.389999,21.440001,21.440001,197200
2017-12-14,21.430000,21.820000,21.000000,21.000000,21.000000,176800
2017-12-15,21.000000,21.490000,20.610001,21.260000,21.260000,715300
2017-12-18,21.360001,23.565001,21.035999,22.629999,22.629999,428300
2017-12-19,22.450001,22.850000,21.129999,22.590000,22.590000,180900
2017-12-20,22.469999,23.440001,22.190001,23.240000,23.240000,297300
2017-12-21,23.400000,24.639999,23.355000,24.389999,24.389999,296500
2017-12-22,24.510000,24.590000,23.059999,23.129999,23.129999,491000
2017-12-26,23.120001,23.400000,22.629999,23.030001,23.030001,116500
2017-12-27,23.100000,23.680000,22.719999,23.610001,23.610001,82700
2017-12-28,23.639999,24.330000,23.184999,24.309999,24.309999,209100
2017-12-29,24.430000,24.450001,23.665001,23.920000,23.920000,123400
2018-01-02,24.139999,24.458000,23.770000,24.270000,24.270000,291600
2018-01-03,24.500000,25.525000,24.500000,25.049999,25.049999,484200
2018-01-04,25.299999,25.540001,24.650000,24.920000,24.920000,177900
2018-01-05,25.059999,25.350000,24.840000,25.000000,25.000000,98700
2018-01-08,25.120001,25.495001,24.520000,25.410000,25.410000,158200
2018-01-09,25.430000,26.700001,25.330000,26.600000,26.600000,289900
2018-01-10,26.610001,28.000000,26.320000,27.990000,27.990000,209900
2018-01-11,28.299999,28.900000,26.139999,26.450001,26.450001,331700
2018-01-12,26.430000,26.768999,25.170000,25.879999,25.879999,193600
2018-01-16,25.870001,26.080000,25.260000,25.580000,25.580000,193200
2018-01-17,25.709999,25.709999,23.885000,24.860001,24.860001,265500
2018-01-18,24.879999,25.870001,24.421000,25.510000,25.510000,318300
2018-01-19,25.770000,27.090000,25.299999,26.750000,26.750000,220700
2018-01-22,27.150000,27.490000,25.270000,25.680000,25.680000,246600
2018-01-23,25.790001,26.330000,24.870001,25.910000,25.910000,160400
2018-01-24,25.959999,26.330000,25.330000,25.469999,25.469999,73500
2018-01-25,25.580000,25.580000,24.750000,25.010000,25.010000,86000
2018-01-26,25.049999,26.280001,24.500000,26.270000,26.270000,222000
2018-01-29,26.270000,26.500000,25.180000,25.219999,25.219999,86900
2018-01-30,25.000000,26.309999,24.900000,26.260000,26.260000,211400
2018-01-31,26.570000,27.000000,26.125000,26.600000,26.600000,446400
2018-02-01,26.500000,27.520000,26.400000,27.490000,27.490000,321900
2018-02-02,27.290001,28.254999,26.750999,26.950001,26.950001,286200
2018-02-05,26.950001,27.620001,26.260000,26.799999,26.799999,212100
2018-02-06,26.420000,28.000000,26.200001,26.420000,26.420000,450300
2018-02-07,26.500000,26.780001,26.320000,26.520000,26.520000,169600
2018-02-08,26.469999,27.469999,25.059999,25.290001,25.290001,276400
2018-02-09,25.350000,25.870001,24.209999,25.240000,25.240000,285000
2018-02-12,25.299999,25.879999,24.971001,25.740000,25.740000,104600
2018-02-13,25.580000,26.417000,25.580000,25.719999,25.719999,209200
2018-02-14,25.500000,26.090000,25.455000,25.809999,25.809999,188100
2018-02-15,25.950001,26.750000,25.549999,26.540001,26.540001,234500
2018-02-16,26.549999,27.020000,25.775000,26.840000,26.840000,205900
2018-02-20,26.690001,26.940001,25.200001,26.150000,26.150000,350400
2018-02-21,26.230000,26.500000,25.549999,25.900000,25.900000,84700
2018-02-22,25.860001,26.230000,25.450001,25.900000,25.900000,75000
2018-02-23,26.110001,26.500000,25.920000,26.160000,26.160000,290500
2018-02-26,26.340000,26.690001,26.139999,26.410000,26.410000,260900
2018-02-27,26.420000,26.850000,26.030001,26.639999,26.639999,324500
2018-02-28,26.750000,26.750000,26.180000,26.320000,26.320000,201800
2018-03-01,26.350000,26.719999,26.200001,26.250000,26.250000,107400
2018-03-02,26.209999,26.645000,25.820000,26.480000,26.480000,123100
2018-03-05,26.440001,26.700001,25.629999,26.490000,26.490000,64100
2018-03-06,26.570000,27.889999,26.570000,27.290001,27.290001,194200
2018-03-07,27.190001,30.330000,26.987000,29.980000,29.980000,769300
2018-03-08,29.840000,30.650000,28.570000,29.240000,29.240000,420000
2018-03-09,29.500000,30.000000,28.062000,29.400000,29.400000,164400
2018-03-12,29.400000,30.360001,28.600000,30.110001,30.110001,183800
2018-03-13,30.190001,30.760000,28.650999,29.600000,29.600000,219500
2018-03-14,29.620001,30.370001,29.110001,29.209999,29.209999,199900
2018-03-15,29.219999,29.840000,28.760000,29.500000,29.500000,177700
2018-03-16,29.389999,29.730000,28.000000,29.580000,29.580000,647400
2018-03-19,29.299999,30.000000,28.480000,29.580000,29.580000,494300
2018-03-20,29.590000,32.240002,29.465000,31.850000,31.850000,413000
2018-03-21,31.850000,33.384998,31.459999,31.459999,31.459999,571100
2018-03-22,31.980000,31.980000,29.180000,30.590000,30.590000,538800
2018-03-23,30.540001,30.770000,29.799999,30.309999,30.309999,396900
2018-03-26,30.790001,32.549999,29.719999,32.119999,32.119999,332000
2018-03-27,32.500000,32.700001,30.600000,30.980000,30.980000,304100
2018-03-28,30.850000,31.040001,29.760000,30.750000,30.750000,239600
2018-03-29,30.820000,31.500000,30.250000,31.360001,31.360001,143200
2018-04-02,31.170000,31.205000,29.990000,30.150000,30.150000,232800
2018-04-03,30.309999,30.379999,29.350000,30.280001,30.280001,225800
2018-04-04,29.700001,30.629999,29.200001,30.440001,30.440001,243300
2018-04-05,30.730000,31.799999,30.400000,30.830000,30.830000,170100
2018-04-06,30.639999,30.700001,29.885000,30.129999,30.129999,259500
2018-04-09,30.450001,30.690001,29.940001,30.270000,30.270000,74100
2018-04-10,30.719999,30.975000,29.900000,30.790001,30.790001,127000
2018-04-11,30.680000,30.959999,29.580000,29.870001,29.870001,197600
2018-04-12,29.969999,30.639999,29.570000,30.340000,30.340000,369900
2018-04-13,30.420000,30.469999,29.490000,29.600000,29.600000,107500
2018-04-16,29.709999,29.917000,29.110001,29.389999,29.389999,145800
2018-04-17,29.400000,30.540001,29.389999,30.090000,30.090000,147900
2018-04-18,30.010000,30.110001,29.344999,29.830000,29.830000,190200
2018-04-19,29.400000,29.940001,29.400000,29.850000,29.850000,125600
2018-04-20,29.850000,29.850000,29.340000,29.820000,29.820000,200300
2018-04-23,29.990000,30.260000,29.209999,29.520000,29.520000,317700
2018-04-24,29.780001,30.040001,28.559999,28.969999,28.969999,244500
2018-04-25,28.850000,29.040001,28.222000,28.959999,28.959999,139500
2018-04-26,29.020000,29.400000,27.750000,27.990000,27.990000,227400
2018-04-27,28.200001,29.190001,27.879999,28.959999,28.959999,135900
2018-04-30,29.000000,29.299999,28.150000,28.980000,28.980000,270500
2018-05-01,28.990000,29.165001,28.330000,28.750000,28.750000,196800
2018-05-02,28.610001,29.020000,27.940001,29.010000,29.010000,337200
2018-05-03,28.969999,28.990000,28.225000,28.620001,28.620001,383200
2018-05-04,28.530001,29.959999,28.500000,29.660000,29.660000,363500
2018-05-07,29.990000,30.889999,29.990000,30.459999,30.459999,174400
2018-05-08,30.420000,30.860001,29.889999,30.549999,30.549999,213700
2018-05-09,30.690001,31.400000,30.020000,30.930000,30.930000,309100
2018-05-10,31.120001,31.350000,30.920000,30.950001,30.950001,186400
2018-05-11,31.150000,31.629999,30.110001,31.450001,31.450001,203800
2018-05-14,31.500000,31.500000,30.670000,31.270000,31.270000,264200
2018-05-15,31.500000,34.009998,30.129999,33.549999,33.549999,1378100
2018-05-16,33.709999,35.349998,33.110001,35.160000,35.160000,909100
2018-05-17,35.080002,36.759998,34.741001,36.154999,36.154999,584800
2018-05-18,35.980000,37.189999,35.820000,35.840000,35.840000,351000
2018-05-21,36.049999,36.150002,35.369999,35.570000,35.570000,214700
2018-05-22,35.740002,35.740002,35.000000,35.320000,35.320000,275200
2018-05-23,35.250000,35.500000,34.770000,35.169998,35.169998,146200
2018-05-24,35.209999,35.230000,34.849998,34.970001,34.970001,199000
2018-05-25,34.680000,35.480000,34.680000,35.310001,35.310001,173100
2018-05-29,35.150002,35.339001,34.895000,35.000000,35.000000,110200
2018-05-30,35.169998,36.259998,35.130001,35.160000,35.160000,149800
2018-05-31,35.330002,35.810001,35.160000,35.189999,35.189999,167400
2018-06-01,35.400002,36.009998,34.959999,35.779999,35.779999,254600
2018-06-04,35.860001,36.889999,35.860001,36.669998,36.669998,276200
2018-06-05,36.000000,36.605000,35.259998,36.060001,36.060001,520100
2018-06-06,36.459999,36.720001,35.825001,36.290001,36.290001,365800
2018-06-07,35.480000,35.990002,34.349998,35.660000,35.660000,3873800
2018-06-08,35.380001,36.000000,34.849998,35.910000,35.910000,597000
2018-06-11,35.990002,36.439999,35.619999,35.750000,35.750000,385800
2018-06-12,35.779999,36.459999,35.779999,35.970001,35.970001,386700
2018-06-13,35.970001,37.099998,35.970001,36.320000,36.320000,936300
2018-06-14,36.630001,37.770000,36.009998,36.750000,36.750000,609800
2018-06-15,36.889999,37.574001,36.167999,36.369999,36.369999,547200
2018-06-18,36.380001,37.223999,35.779999,36.169998,36.169998,513700
2018-06-19,35.880001,35.880001,33.230000,34.990002,34.990002,653100
2018-06-20,35.139999,35.705002,34.630001,35.459999,35.459999,422100
2018-06-21,35.570000,36.610001,35.070000,35.279999,35.279999,515100
2018-06-22,35.430000,35.430000,33.549999,34.730000,34.730000,3320100
2018-06-25,34.299999,34.310001,33.049999,33.889999,33.889999,580300
2018-06-26,34.070000,34.759998,33.924999,34.180000,34.180000,429400
2018-06-27,34.080002,34.590000,33.880001,33.950001,33.950001,623900
2018-06-28,33.770000,34.169998,33.049999,33.700001,33.700001,266300
2018-06-29,33.810001,34.410000,33.555000,34.180000,34.180000,291900
2018-07-02,33.840000,34.639999,33.830002,34.520000,34.520000,123000
2018-07-03,34.540001,34.810001,33.389999,33.799999,33.799999,182700
2018-07-05,33.950001,34.250000,33.509998,34.040001,34.040001,229000
2018-07-06,34.000000,34.720001,33.810001,34.590000,34.590000,242700
2018-07-09,34.750000,35.020000,34.279999,34.770000,34.770000,209800
2018-07-10,34.860001,34.959999,34.230000,34.480000,34.480000,135600
2018-07-11,34.310001,34.790001,33.790001,34.090000,34.090000,158800
2018-07-12,34.320000,34.790001,34.150002,34.730000,34.730000,219900
2018-07-13,34.720001,34.970001,34.299999,34.630001,34.630001,159700
2018-07-16,34.680000,34.990002,34.070000,34.509998,34.509998,215400
2018-07-17,34.330002,34.889999,33.299999,34.619999,34.619999,242900
2018-07-18,34.610001,36.027000,34.610001,35.470001,35.470001,353600
2018-07-19,35.410000,35.880001,34.880001,35.080002,35.080002,234600
2018-07-20,35.220001,35.334000,33.820000,34.770000,34.770000,330000
2018-07-23,34.650002,35.209999,34.310001,34.750000,34.750000,127300
2018-07-24,34.919998,35.810001,34.130001,35.799999,35.799999,1434400
2018-07-25,35.810001,37.209999,35.770000,36.450001,36.450001,308400
2018-07-26,36.500000,37.099998,36.098000,36.570000,36.570000,179600
2018-07-27,36.490002,36.490002,35.430000,35.599998,35.599998,132800
2018-07-30,35.610001,35.610001,34.223000,34.880001,34.880001,352400
2018-07-31,35.090000,35.549999,34.560001,35.099998,35.099998,124800
2018-08-01,35.180000,35.980000,34.689999,34.880001,34.880001,282800
2018-08-02,34.660000,35.740002,34.660000,35.490002,35.490002,202200
2018-08-03,35.540001,36.349998,34.880001,35.299999,35.299999,177400
2018-08-06,35.250000,36.240002,35.099998,35.930000,35.930000,311000
2018-08-07,35.939999,36.470001,34.834999,34.950001,34.950001,384300
2018-08-08,35.939999,35.939999,34.731998,35.259998,35.259998,182300
2018-08-09,35.389999,37.099998,34.730000,36.540001,36.540001,720800
2018-08-10,37.500000,39.196999,36.500000,38.040001,38.040001,1037600
2018-08-13,38.610001,41.810001,38.610001,39.430000,39.430000,763600
2018-08-14,40.250000,40.250000,38.810001,39.660000,39.660000,404800
2018-08-15,39.610001,39.799999,39.009998,39.259998,39.259998,261800
2018-08-16,39.369999,40.250000,39.110001,39.820000,39.820000,403500
2018-08-17,39.770000,40.250000,39.029999,40.200001,40.200001,336400
2018-08-20,40.250000,40.830002,39.860001,40.230000,40.230000,367200
2018-08-21,40.230000,40.369999,39.685001,40.139999,40.139999,592200
2018-08-22,40.099998,40.750000,39.959999,40.029999,40.029999,200600
2018-08-23,40.049999,40.439999,39.840000,39.900002,39.900002,247300
2018-08-24,40.220001,40.689999,39.860001,40.509998,40.509998,318900
2018-08-27,40.750000,41.689999,40.500000,40.980000,40.980000,322200
2018-08-28,41.099998,41.279999,40.075001,40.639999,40.639999,242900
2018-08-29,40.770000,41.409000,40.770000,41.360001,41.360001,148400
2018-08-30,41.160000,41.500000,40.599998,40.869999,40.869999,200400
2018-08-31,40.820000,41.861000,40.689999,41.770000,41.770000,380800
2018-09-04,41.919998,43.060001,41.839001,42.349998,42.349998,281700
2018-09-05,42.360001,42.395000,39.820000,40.930000,40.930000,352700
2018-09-06,40.860001,41.099998,39.900002,40.880001,40.880001,303500
2018-09-07,40.520000,41.610001,40.310001,40.439999,40.439999,250800
2018-09-10,40.700001,41.494999,40.000000,40.959999,40.959999,237100
2018-09-11,40.900002,41.380001,40.840000,41.040001,41.040001,157500
2018-09-12,40.959999,41.209999,39.660000,40.400002,40.400002,380800
2018-09-13,40.639999,41.080002,39.799999,39.980000,39.980000,278000
2018-09-14,39.980000,40.490002,39.446999,39.980000,39.980000,263500
2018-09-17,39.630001,40.470001,38.369999,38.630001,38.630001,415000
2018-09-18,38.860001,40.389999,38.860001,39.830002,39.830002,503800
2018-09-19,39.799999,39.910000,38.241001,39.500000,39.500000,326000
2018-09-20,39.830002,40.419998,39.599998,39.959999,39.959999,415600
2018-09-21,39.919998,41.020000,39.889999,40.900002,40.900002,1063300
2018-09-24,40.610001,41.450001,40.484001,41.279999,41.279999,314200
2018-09-25,41.360001,42.400002,41.360001,41.950001,41.950001,295200
2018-09-26,42.150002,42.470001,41.810001,41.970001,41.970001,215800
2018-09-27,42.279999,43.660000,42.112000,42.209999,42.209999,289000
2018-09-28,42.209999,43.540001,42.049999,43.450001,43.450001,289300
2018-10-01,43.599998,43.990002,42.599998,42.750000,42.750000,338600
2018-10-02,42.750000,43.340000,41.619999,41.959999,41.959999,170200
2018-10-03,42.020000,42.169998,41.470001,42.040001,42.040001,314100
2018-10-04,41.810001,41.810001,41.000000,41.610001,41.610001,168100
2018-10-05,41.520000,42.036999,41.020000,41.689999,41.689999,317500
2018-10-08,41.700001,41.700001,40.255001,40.880001,40.880001,327300
2018-10-09,40.680000,41.450001,39.680000,39.910000,39.910000,293500
2018-10-10,39.889999,40.000000,35.630001,35.700001,35.700001,530100
2018-10-11,35.490002,37.290001,33.880001,33.930000,33.930000,501700
2018-10-12,34.290001,35.000000,34.290001,34.939999,34.939999,461800
2018-10-15,34.900002,34.939999,33.900002,34.119999,34.119999,255900
2018-10-16,34.669998,35.700001,33.990002,35.230000,35.230000,329500
2018-10-17,35.599998,36.090000,34.790001,36.000000,36.000000,161300
2018-10-18,35.980000,36.450001,35.299999,36.430000,36.430000,385400
2018-10-19,36.330002,36.730000,35.490002,35.860001,35.860001,682400
2018-10-22,35.849998,37.400002,35.720001,36.790001,36.790001,244000
2018-10-23,36.060001,36.970001,35.459999,36.799999,36.799999,310100
2018-10-24,36.730000,37.400002,35.209999,35.259998,35.259998,347800
2018-10-25,35.320000,37.160000,35.320000,37.060001,37.060001,444900
2018-10-26,36.310001,37.450001,35.354000,36.830002,36.830002,450500
2018-10-29,37.529999,38.230000,36.220001,36.650002,36.650002,343700
2018-10-30,36.509998,37.430000,36.113998,36.970001,36.970001,274200
2018-10-31,37.580002,38.549999,37.377998,38.139999,38.139999,200800
2018-11-01,38.400002,39.070000,37.599998,37.680000,37.680000,230000
2018-11-02,37.889999,38.584999,37.299999,37.900002,37.900002,227000
2018-11-05,37.900002,37.900002,30.160000,30.700001,30.700001,2070300
2018-11-06,30.530001,32.480000,30.500000,31.920000,31.920000,664400
2018-11-07,32.290001,34.570000,32.290001,33.610001,33.610001,238800
2018-11-08,33.349998,33.689999,32.630001,33.619999,33.619999,573200
2018-11-09,34.250000,34.851002,31.020000,32.119999,32.119999,533200
2018-11-12,32.150002,32.970001,31.920000,32.299999,32.299999,224900
2018-11-13,32.439999,33.590000,32.439999,32.630001,32.630001,261300
2018-11-14,32.799999,33.560001,31.910000,32.180000,32.180000,153300
2018-11-15,32.240002,33.549999,32.209999,33.369999,33.369999,288800
2018-11-16,32.959999,33.549999,32.500000,33.169998,33.169998,239100
2018-11-19,32.810001,33.009998,29.840000,29.850000,29.850000,269900
2018-11-20,28.750000,30.330000,28.482000,29.129999,29.129999,268900
2018-11-21,29.650000,30.209999,29.098000,29.430000,29.430000,181100
2018-11-23,28.940001,30.059999,28.940001,29.500000,29.500000,67700
2018-11-26,29.750000,30.129999,28.740000,29.480000,29.480000,265800
2018-11-27,29.070000,29.840000,28.590000,29.469999,29.469999,158700
2018-11-28,29.240000,31.030001,29.177999,30.990000,30.990000,210400
2018-11-29,30.930000,31.785000,30.240000,31.320000,31.320000,206700
2018-11-30,31.570000,32.439999,31.299999,32.310001,32.310001,370600
2018-12-03,32.930000,33.910000,32.584999,32.990002,32.990002,439600
2018-12-04,32.779999,33.099998,30.280001,30.389999,30.389999,582900
2018-12-06,29.820000,31.080000,29.100000,30.590000,30.590000,317800
2018-12-07,30.580000,31.059999,29.030001,29.260000,29.260000,219200
2018-12-10,29.230000,30.011999,29.090000,29.600000,29.600000,209400
2018-12-11,30.070000,30.370001,28.760000,28.840000,28.840000,184400
2018-12-12,29.440001,30.340000,28.959999,29.530001,29.530001,320300
2018-12-13,29.760000,30.010000,29.020000,29.090000,29.090000,110400
2018-12-14,28.549999,28.840000,27.350000,27.400000,27.400000,298900
2018-12-17,27.190001,28.049999,26.441999,27.290001,27.290001,236200
2018-12-18,27.730000,28.150000,27.129999,27.170000,27.170000,224800
2018-12-19,27.200001,28.969999,27.170000,27.620001,27.620001,365400
2018-12-20,27.610001,28.330000,26.230000,27.320000,27.320000,207900
2018-12-21,27.420000,27.420000,25.590000,25.730000,25.730000,754300
2018-12-24,25.330000,26.280001,25.280001,25.500000,25.500000,115500
2018-12-26,25.610001,27.080000,25.430000,27.059999,27.059999,138300
2018-12-27,26.700001,27.330000,26.190001,27.180000,27.180000,201100
2018-12-28,27.480000,27.530001,26.430000,26.740000,26.740000,168900
2018-12-31,27.030001,27.870001,26.750000,27.580000,27.580000,145500
2019-01-02,27.010000,27.549999,26.490000,26.760000,26.760000,232400
2019-01-03,26.430000,27.100000,25.540001,25.629999,25.629999,185400
2019-01-04,26.190001,27.170000,25.740000,27.110001,27.110001,358900
2019-01-07,27.010000,28.000000,26.870001,27.840000,27.840000,176800
2019-01-08,27.850000,29.030001,27.650000,28.990000,28.990000,232100
2019-01-09,29.059999,29.260000,28.370001,29.080000,29.080000,118600
2019-01-10,28.860001,29.235001,28.580000,28.950001,28.950001,129600
2019-01-11,28.809999,29.260000,28.500000,29.230000,29.230000,109500
2019-01-14,28.959999,29.129999,28.510000,29.010000,29.010000,150300
2019-01-15,29.020000,29.780001,28.820000,29.709999,29.709999,154500
2019-01-16,29.889999,30.299999,29.690001,30.250000,30.250000,202600
2019-01-17,30.320000,31.280001,30.190001,31.100000,31.100000,194700
2019-01-18,31.230000,31.570000,30.889999,30.930000,30.930000,236000
2019-01-22,30.740000,31.570000,30.639999,31.520000,31.520000,258200
2019-01-23,31.840000,31.980000,30.840000,31.450001,31.450001,149300
2019-01-24,31.480000,31.775000,30.695000,30.840000,30.840000,207900
2019-01-25,31.180000,31.520000,30.950001,31.250000,31.250000,158200
2019-01-28,30.940001,31.100000,30.280001,30.840000,30.840000,139100
2019-01-29,30.850000,31.240000,30.500999,30.709999,30.709999,248900
2019-01-30,31.040001,32.549999,30.610001,32.330002,32.330002,226000
2019-01-31,32.009998,32.759998,32.009998,32.380001,32.380001,253800
2019-02-01,32.279999,32.990002,32.235001,32.810001,32.810001,201900
2019-02-04,32.599998,33.619999,32.560001,33.400002,33.400002,243000
2019-02-05,33.509998,33.980000,33.244999,33.770000,33.770000,137200
2019-02-06,33.720001,33.900002,33.500000,33.750000,33.750000,156100
2019-02-07,33.430000,33.669998,33.090000,33.250000,33.250000,94100
2019-02-08,33.070000,33.709999,33.070000,33.709999,33.709999,45100
2019-02-11,33.970001,34.020000,33.380001,33.549999,33.549999,146300
2019-02-12,33.740002,34.240002,33.549999,33.990002,33.990002,188700
2019-02-13,34.209999,34.439999,33.660000,33.939999,33.939999,166300
2019-02-14,33.799999,34.500000,33.799999,34.160000,34.160000,149300
2019-02-15,34.299999,34.900002,33.955002,34.639999,34.639999,122400
2019-02-19,34.459999,34.580002,34.060001,34.279999,34.279999,181900
2019-02-20,34.389999,34.719002,34.029999,34.130001,34.130001,143900
2019-02-21,34.119999,34.119999,33.320000,33.549999,33.549999,102000
2019-02-22,33.020000,33.919998,32.669998,33.080002,33.080002,442200
2019-02-25,33.360001,34.060001,32.759998,32.790001,32.790001,430500
2019-02-26,32.799999,35.250000,32.799999,35.250000,35.250000,752800
2019-02-27,35.020000,35.250000,34.145000,34.689999,34.689999,97100
2019-02-28,34.740002,36.150002,34.049999,35.459999,35.459999,549600
2019-03-01,35.430000,37.439999,35.430000,36.480000,36.480000,358600
2019-03-04,36.830002,37.119999,35.730000,36.130001,36.130001,419500
2019-03-05,35.779999,35.990002,35.259998,35.610001,35.610001,390900
2019-03-06,35.419998,35.755001,35.174999,35.500000,35.500000,189200
2019-03-07,35.410000,36.259998,35.410000,36.099998,36.099998,219400
2019-03-08,35.639999,36.209999,35.630001,36.000000,36.000000,176400
2019-03-11,36.330002,37.990002,36.330002,37.799999,37.799999,266600
2019-03-12,37.810001,38.630001,37.200001,38.529999,38.529999,242100
2019-03-13,38.750000,39.200001,38.430000,38.560001,38.560001,256000
2019-03-14,38.740002,38.740002,38.240002,38.270000,38.270000,118400
2019-03-15,38.230000,39.570000,38.099998,39.020000,39.020000,472900
2019-03-18,39.029999,39.490002,38.009998,38.259998,38.259998,161300
2019-03-19,38.509998,38.840000,37.630001,37.700001,37.700001,236300
2019-03-20,37.450001,37.914001,36.820000,37.369999,37.369999,134900
2019-03-21,37.130001,38.285000,37.020000,38.110001,38.110001,248200
2019-03-22,37.919998,37.919998,36.110001,36.189999,36.189999,146500
2019-03-25,36.070000,36.590000,34.814999,36.560001,36.560001,225900
2019-03-26,37.000000,37.671001,36.750000,37.349998,37.349998,227900
2019-03-27,37.330002,37.560001,36.334999,37.209999,37.209999,130500
2019-03-28,37.220001,37.509998,36.810001,37.459999,37.459999,273400
2019-03-29,37.580002,37.580002,36.759998,36.810001,36.810001,192100
2019-04-01,37.480000,38.099998,36.580002,38.029999,38.029999,322400
2019-04-02,38.020000,39.509998,37.680000,39.470001,39.470001,472700
2019-04-03,39.730000,39.950001,38.720001,38.880001,38.880001,140700
2019-04-04,38.810001,38.810001,37.450001,37.799999,37.799999,125500
2019-04-05,37.840000,38.340000,37.459999,37.560001,37.560001,180900
2019-04-08,37.240002,37.865002,36.110001,37.070000,37.070000,128600
2019-04-09,36.770000,37.090000,36.560001,36.580002,36.580002,118700
2019-04-10,36.480000,37.250000,36.439999,36.770000,36.770000,125800
2019-04-11,36.779999,36.919998,36.520000,36.599998,36.599998,107700
2019-04-12,36.700001,36.700001,36.290001,36.509998,36.509998,101500
2019-04-15,36.490002,36.599998,35.980000,36.360001,36.360001,136200
2019-04-16,36.430000,37.320000,36.040001,36.970001,36.970001,197200
2019-04-17,37.139999,37.270000,36.150002,36.709999,36.709999,100400
2019-04-18,36.470001,37.252998,36.470001,36.790001,36.790001,172800
2019-04-22,36.669998,38.099998,36.669998,38.029999,38.029999,112100
2019-04-23,38.230000,39.150002,38.230000,38.810001,38.810001,217900
2019-04-24,38.730000,39.439999,38.689999,38.990002,38.990002,199900
2019-04-25,39.020000,39.195000,37.930000,38.150002,38.150002,105300
2019-04-26,37.950001,38.735001,37.950001,38.419998,38.419998,167300
2019-04-29,38.410000,39.285000,38.224998,38.990002,38.990002,175200
2019-04-30,38.910000,39.540001,38.480000,39.439999,39.439999,162700
2019-05-01,39.450001,39.450001,37.689999,37.709999,37.709999,143900
2019-05-02,37.410000,37.520000,36.445000,36.930000,36.930000,115300
2019-05-03,36.970001,37.525002,36.630001,37.290001,37.290001,231100
2019-05-06,36.270000,37.639999,36.119999,37.590000,37.590000,124100
2019-05-07,37.070000,37.720001,36.619999,37.110001,37.110001,121400
2019-05-08,36.900002,37.709999,36.895000,37.529999,37.529999,111300
2019-05-09,36.889999,37.520000,36.230000,37.169998,37.169998,172600
2019-05-10,36.330002,37.255001,35.180000,35.990002,35.990002,575000
2019-05-13,35.119999,35.200001,33.639999,34.049999,34.049999,221900
2019-05-14,34.060001,34.689999,33.720001,34.360001,34.360001,317000
2019-05-15,34.099998,35.990002,34.099998,35.950001,35.950001,183900
2019-05-16,35.880001,36.950001,35.549999,36.410000,36.410000,284500
2019-05-17,36.029999,36.869999,35.889999,36.000000,36.000000,202100
2019-05-20,35.570000,35.910000,35.060001,35.549999,35.549999,179500
2019-05-21,35.869999,36.939999,35.810001,36.759998,36.759998,388700
2019-05-22,36.650002,37.730000,36.450001,37.299999,37.299999,278000
2019-05-23,36.860001,37.349998,36.279999,37.009998,37.009998,369800
2019-05-24,37.020000,38.090000,37.020000,37.320000,37.320000,337300
2019-05-28,37.189999,38.299999,37.189999,38.060001,38.060001,666600
2019-05-29,37.680000,38.310001,37.369999,37.779999,37.779999,320500
2019-05-30,38.070000,38.470001,37.880001,38.400002,38.400002,184100
2019-05-31,37.700001,38.950001,37.700001,38.110001,38.110001,230100
2019-06-03,37.869999,38.060001,36.389999,36.820000,36.820000,779700
2019-06-04,37.490002,38.160000,36.820000,38.139999,38.139999,191900
2019-06-05,35.770000,37.264999,33.700001,35.770000,35.770000,1863800
2019-06-06,35.720001,35.759998,34.740002,34.799999,34.799999,1775400
2019-06-07,35.000000,35.389999,34.330002,35.299999,35.299999,1125500
2019-06-10,35.430000,35.790001,33.939999,35.080002,35.080002,469400
2019-06-11,35.090000,35.639999,34.889999,35.540001,35.540001,737000
2019-06-12,35.580002,36.070000,35.220001,35.500000,35.500000,201100
2019-06-13,35.669998,35.869999,35.340000,35.750000,35.750000,677600
2019-06-14,35.490002,37.049999,35.490002,36.970001,36.970001,563000
2019-06-17,37.189999,37.950001,37.060001,37.520000,37.520000,361100
2019-06-18,37.700001,38.610001,37.500000,37.799999,37.799999,464400
2019-06-19,37.889999,39.270000,37.645000,39.250000,39.250000,401000
2019-06-20,39.380001,40.000000,39.189999,39.939999,39.939999,766300
2019-06-21,39.930000,40.250000,38.580002,40.099998,40.099998,1162900
2019-06-24,40.049999,40.049999,38.799999,38.959999,38.959999,321700
2019-06-25,39.130001,39.160000,38.520000,38.779999,38.779999,288800
2019-06-26,38.959999,39.939999,38.560001,39.439999,39.439999,369700
2019-06-27,39.709999,40.669998,39.580002,40.200001,40.200001,569100
2019-06-28,40.200001,40.959999,39.625000,40.389999,40.389999,2511300
2019-07-01,40.919998,41.384998,40.369999,40.930000,40.930000,523200
2019-07-02,41.000000,41.139999,40.060001,40.439999,40.439999,718000
2019-07-03,40.720001,42.000000,40.606998,41.619999,41.619999,223400
2019-07-05,41.169998,41.735001,40.970001,41.570000,41.570000,188600
2019-07-08,41.470001,41.799999,41.169998,41.590000,41.590000,419800
2019-07-09,41.259998,42.500000,41.259998,42.310001,42.310001,511400
2019-07-10,42.450001,42.919998,41.900002,42.000000,42.000000,876300
2019-07-11,41.959999,42.689999,41.880001,42.000000,42.000000,372600
2019-07-12,42.169998,42.169998,41.020000,41.180000,41.180000,289800
2019-07-15,41.139999,41.820000,40.750000,41.610001,41.610001,147400
2019-07-16,41.750000,42.035000,41.230000,41.860001,41.860001,222100
2019-07-17,41.880001,42.051998,41.514999,41.590000,41.590000,195500
2019-07-18,41.549999,42.119999,41.189999,42.080002,42.080002,252100
2019-07-19,42.080002,42.580002,41.345001,41.400002,41.400002,249400
2019-07-22,41.669998,42.799999,41.500000,42.380001,42.380001,306600
2019-07-23,42.540001,42.540001,41.250000,42.189999,42.189999,168400
2019-07-24,42.000000,42.779999,41.845001,42.599998,42.599998,339400
2019-07-25,42.310001,42.900002,41.717999,42.529999,42.529999,213800
2019-07-26,42.779999,43.279999,42.700001,42.869999,42.869999,279300
2019-07-29,43.000000,43.020000,41.779999,42.730000,42.730000,192800
2019-07-30,42.299999,42.799999,42.139999,42.619999,42.619999,221300
2019-07-31,42.840000,42.908001,41.430000,41.610001,41.610001,324200
2019-08-01,41.779999,42.500000,41.180000,41.340000,41.340000,197800
2019-08-02,41.020000,41.020000,39.939999,40.639999,40.639999,519800
2019-08-05,39.509998,39.980000,39.150002,39.689999,39.689999,417400
2019-08-06,39.950001,40.910000,39.869999,40.389999,40.389999,514100
2019-08-07,39.959999,41.369999,39.285000,40.950001,40.950001,258700
2019-08-08,41.430000,42.110001,41.064999,41.990002,41.990002,315100
2019-08-09,39.709999,39.709999,34.400002,35.060001,35.060001,2825000
2019-08-12,35.049999,35.400002,33.509998,34.009998,34.009998,1089200
2019-08-13,33.650002,34.959999,33.650002,34.810001,34.810001,532200
2019-08-14,34.009998,34.400002,33.830002,34.099998,34.099998,400700
2019-08-15,33.950001,34.270000,33.419998,34.000000,34.000000,455200
2019-08-16,34.230000,34.919998,34.000000,34.889999,34.889999,260500
2019-08-19,35.180000,35.250000,34.299999,34.459999,34.459999,549900
2019-08-20,34.549999,34.549999,33.580002,33.639999,33.639999,355500
2019-08-21,34.150002,34.150002,33.365002,33.509998,33.509998,166900
2019-08-22,33.669998,33.700001,32.770000,32.970001,32.970001,714400
2019-08-23,32.880001,33.099998,32.169998,32.299999,32.299999,393500
2019-08-26,32.630001,32.759998,32.150002,32.619999,32.619999,168400
2019-08-27,32.830002,33.040001,32.220001,32.639999,32.639999,210100
2019-08-28,32.419998,32.790001,31.750000,32.380001,32.380001,441000
2019-08-29,32.889999,33.730000,32.279999,33.630001,33.630001,266800
2019-08-30,34.099998,34.590000,33.919998,34.360001,34.360001,442600
2019-09-03,34.160000,34.404999,32.990002,33.290001,33.290001,643100
2019-09-04,33.720001,34.090000,33.459999,33.750000,33.750000,713700
2019-09-05,34.410000,34.410000,32.919998,33.820000,33.820000,395900
2019-09-06,33.910000,34.580002,33.119999,33.180000,33.180000,404000
2019-09-09,33.430000,33.520000,31.910000,32.459999,32.459999,398300
2019-09-10,32.230000,32.980000,31.650000,32.419998,32.419998,359600
2019-09-11,30.889999,32.959999,30.593000,32.930000,32.930000,405100
2019-09-12,33.160000,34.410000,33.080002,33.580002,33.580002,532700
2019-09-13,33.820000,35.360001,33.520000,33.770000,33.770000,659100
2019-09-16,33.790001,34.740002,33.500000,34.209999,34.209999,233700
2019-09-17,34.340000,35.130001,34.000000,34.980000,34.980000,200600
2019-09-18,34.970001,35.099998,33.709999,34.119999,34.119999,344700
2019-09-19,34.430000,35.099998,34.110001,34.540001,34.540001,461200
2019-09-20,34.650002,34.709999,33.459999,34.070000,34.070000,1299100
2019-09-23,34.130001,34.619999,33.715000,34.500000,34.500000,505000
2019-09-24,34.860001,35.080002,33.360001,33.849998,33.849998,630400
2019-09-25,34.009998,35.290001,33.470001,35.209999,35.209999,347500
2019-09-26,35.400002,35.689999,34.840000,35.340000,35.340000,340100
2019-09-27,35.529999,35.529999,34.060001,34.389999,34.389999,311500
2019-09-30,34.490002,34.860001,34.147999,34.619999,34.619999,206600
2019-10-01,34.849998,34.990002,33.459999,33.500000,33.500000,189800
2019-10-02,33.160000,33.244999,32.529999,33.049999,33.049999,344400
2019-10-03,33.009998,33.139999,32.150002,33.000000,33.000000,326000
2019-10-04,33.250000,34.070000,32.900002,33.930000,33.930000,200600
2019-10-07,33.930000,34.570000,33.509998,33.880001,33.880001,468000
2019-10-08,33.689999,34.009998,33.145000,33.509998,33.509998,307700
2019-10-09,34.029999,34.200001,33.580002,33.880001,33.880001,106600
2019-10-10,34.240002,34.580002,33.599998,34.240002,34.240002,524600
2019-10-11,34.790001,35.410000,34.360001,34.560001,34.560001,331200
2019-10-14,34.580002,34.950001,34.131001,34.580002,34.580002,145900
2019-10-15,34.770000,34.939999,34.509998,34.849998,34.849998,128900
2019-10-16,35.060001,35.060001,34.250000,34.689999,34.689999,201500
2019-10-17,34.740002,35.299999,34.650002,35.259998,35.259998,135300
2019-10-18,35.060001,35.060001,33.680000,33.820000,33.820000,318100
2019-10-21,34.310001,34.720001,33.959999,34.549999,34.549999,341300
2019-10-22,34.779999,35.020000,33.970001,34.095001,34.095001,423000
2019-10-23,33.910000,34.560001,33.750000,34.299999,34.299999,450300
2019-10-24,34.650002,35.500000,34.520000,35.160000,35.160000,505300
2019-10-25,35.220001,35.750000,34.820000,35.709999,35.709999,211900
2019-10-28,35.750000,36.189999,35.529999,36.119999,36.119999,231900
2019-10-29,36.130001,36.360001,35.919998,36.070000,36.070000,91400
2019-10-30,36.240002,36.669998,35.880001,36.590000,36.590000,102400
2019-10-31,36.689999,36.900002,36.270000,36.869999,36.869999,293200
2019-11-01,37.119999,37.480000,36.660000,37.419998,37.419998,153000
2019-11-04,37.759998,37.959999,36.919998,36.950001,36.950001,281200
2019-11-05,37.290001,38.049999,37.009998,38.040001,38.040001,228600
2019-11-06,37.880001,38.180000,37.564999,37.730000,37.730000,175100
2019-11-07,38.009998,38.340000,37.355000,37.470001,37.470001,323200
2019-11-08,32.610001,33.400002,29.000000,30.000000,30.000000,3379400
2019-11-11,29.650000,29.930000,28.799999,28.870001,28.870001,1083700
2019-11-12,28.610001,29.670000,28.485001,28.580000,28.580000,559900
2019-11-13,28.510000,28.969999,28.000000,28.320000,28.320000,355100
2019-11-14,28.250000,28.540001,27.910000,28.379999,28.379999,301600
2019-11-15,28.629999,28.990000,28.209999,28.879999,28.879999,319900
2019-11-18,28.760000,29.760000,28.610001,29.389999,29.389999,393800
2019-11-19,29.480000,30.270000,29.420000,30.080000,30.080000,379200
2019-11-20,29.900000,30.450001,29.670000,30.150000,30.150000,715200
2019-11-21,30.309999,32.040001,29.940001,32.020000,32.020000,491400
2019-11-22,32.150002,32.200001,31.480000,32.189999,32.189999,260000
2019-11-25,32.259998,32.470001,31.850000,32.005001,32.005001,240300
2019-11-26,32.009998,33.230000,31.790001,33.130001,33.130001,260300
2019-11-27,33.279999,33.750000,33.139999,33.720001,33.720001,241000
2019-11-29,33.320000,33.910000,33.009998,33.169998,33.169998,190800
2019-12-02,33.330002,33.330002,31.080000,32.709999,32.709999,274300
2019-12-03,32.230000,32.450001,31.940001,32.240002,32.240002,995600
2019-12-04,32.480000,32.480000,32.040001,32.389999,32.389999,355200
2019-12-05,32.299999,32.869999,32.130001,32.230000,32.230000,205200
2019-12-06,32.500000,32.619999,31.709999,32.000000,32.000000,213900
2019-12-09,31.860001,32.029999,31.510000,31.520000,31.520000,163400
2019-12-10,31.590000,31.620001,31.240000,31.360001,31.360001,140700
2019-12-11,31.370001,32.520000,31.160000,32.480000,32.480000,750200
2019-12-12,32.279999,33.070000,32.150002,32.990002,32.990002,284200
2019-12-13,33.029999,34.000000,32.919998,33.990002,33.990002,434400
2019-12-16,34.060001,34.689999,34.060001,34.310001,34.310001,334200
2019-12-17,34.310001,34.459999,33.955002,34.410000,34.410000,273200
2019-12-18,34.330002,35.180000,34.020000,34.820000,34.820000,486000
2019-12-19,34.990002,35.230000,34.320000,34.950001,34.950001,282800
2019-12-20,35.090000,36.540001,35.035000,36.360001,36.360001,480700
2019-12-23,36.259998,36.709999,36.119999,36.474998,36.474998,264100
2019-12-24,36.310001,36.410000,36.090000,36.279999,36.279999,84300
2019-12-26,36.470001,36.930000,36.340000,36.889999,36.889999,123300
2019-12-27,36.990002,37.330002,36.174000,36.639999,36.639999,291900
2019-12-30,36.450001,36.500000,35.680000,36.130001,36.130001,250300
2019-12-31,36.169998,36.455002,35.709999,35.910000,35.910000,284400
2020-01-02,36.180000,37.070000,35.970001,36.860001,36.860001,220400
2020-01-03,36.130001,36.860001,36.130001,36.810001,36.810001,120400
2020-01-06,36.480000,37.259998,36.480000,37.169998,37.169998,274800
2020-01-07,37.189999,37.340000,36.869999,37.060001,37.060001,226100
2020-01-08,37.160000,37.799999,37.035000,37.619999,37.619999,215600
2020-01-09,38.000000,38.000000,37.380001,37.660000,37.660000,200400
2020-01-10,37.779999,37.845001,37.209999,37.590000,37.590000,320300
2020-01-13,37.860001,38.529999,37.660000,38.529999,38.529999,179900
2020-01-14,38.459999,39.084999,37.970001,38.939999,38.939999,168200
2020-01-15,38.980000,39.740002,38.980000,39.410000,39.410000,387100
2020-01-16,39.529999,39.660000,39.049999,39.189999,39.189999,200800
2020-01-17,39.520000,39.645000,38.919998,39.099998,39.099998,398600
2020-01-21,39.160000,39.639999,38.959999,39.310001,39.310001,739600
2020-01-22,39.509998,39.665001,39.230000,39.349998,39.349998,229100
2020-01-23,37.910000,39.180000,35.904999,36.099998,36.099998,740900
2020-01-24,36.250000,36.740002,35.930000,36.380001,36.380001,393400
2020-01-27,35.549999,36.889999,35.455002,36.720001,36.720001,543700
2020-01-28,37.099998,38.445000,36.910000,37.669998,37.669998,326100
2020-01-29,38.029999,38.090000,37.165001,37.259998,37.259998,114300
2020-01-30,37.000000,38.060001,36.790001,38.040001,38.040001,278800
2020-01-31,38.040001,38.240002,36.840000,36.950001,36.950001,308700
2020-02-03,37.369999,38.570000,37.020000,38.490002,38.490002,142600
2020-02-04,39.000000,39.160000,38.419998,38.849998,38.849998,358000
2020-02-05,39.389999,39.389999,38.720001,38.750000,38.750000,321000
2020-02-06,39.240002,39.439999,38.650002,39.349998,39.349998,199400
2020-02-07,39.180000,39.470001,38.849998,38.970001,38.970001,178300
2020-02-10,38.970001,39.000000,38.230000,38.310001,38.310001,133000
2020-02-11,38.619999,38.860001,37.605000,37.630001,37.630001,161500
2020-02-12,37.869999,38.310001,37.465000,38.080002,38.080002,138700
2020-02-13,37.930000,39.240002,37.849998,38.869999,38.869999,205900
2020-02-14,38.970001,39.110001,37.875000,38.180000,38.180000,412100
2020-02-18,38.290001,38.580002,37.990002,38.060001,38.060001,256800
2020-02-19,38.099998,38.410000,37.740002,38.299999,38.299999,564500
2020-02-20,38.320000,38.654999,37.759998,37.790001,37.790001,319900
2020-02-21,37.779999,37.779999,36.000000,36.320000,36.320000,413500
2020-02-24,34.950001,36.080002,34.810001,35.869999,35.869999,621400
2020-02-25,36.000000,36.119999,34.084999,34.340000,34.340000,479600
2020-02-26,34.480000,35.610001,34.299999,34.799999,34.799999,327500
2020-02-27,33.910000,34.180000,32.860001,33.205002,33.205002,847400
2020-02-28,34.869999,36.490002,33.000000,34.799999,34.799999,1004800
2020-03-02,35.009998,35.169998,33.310001,35.139999,35.139999,437700
2020-03-03,35.040001,35.630001,33.560001,34.320000,34.320000,216200
2020-03-04,34.990002,35.230000,33.189999,33.294998,33.294998,1049800
2020-03-05,32.660000,33.500000,30.950001,31.299999,31.299999,439700
2020-03-06,30.320000,31.490000,30.320000,31.010000,31.010000,248300
2020-03-09,28.830000,29.865000,27.980000,28.209999,28.209999,312700
2020-03-10,29.100000,30.160000,28.059999,30.150000,30.150000,430800
2020-03-11,29.389999,30.200001,28.709999,29.209999,29.209999,313500
2020-03-12,27.290001,28.510000,26.290001,26.299999,26.299999,450900
2020-03-13,27.750000,29.271999,25.360001,29.219999,29.219999,690100
2020-03-16,27.799999,27.799999,24.910000,25.110001,25.110001,451100
2020-03-17,24.600000,29.799999,23.809999,29.670000,29.670000,552100
2020-03-18,27.930000,30.750000,27.530001,29.270000,29.270000,581800
2020-03-19,29.139999,32.441002,27.730000,27.940001,27.940001,601200
2020-03-20,28.170000,28.372000,25.430000,25.719999,25.719999,599200
2020-03-23,26.219999,27.100000,24.760000,25.160000,25.160000,278400
2020-03-24,26.600000,27.309999,24.700001,25.200001,25.200001,422800
2020-03-25,25.100000,26.340000,24.260000,24.490000,24.490000,409800
2020-03-26,24.809999,26.450001,24.309999,25.629999,25.629999,670800
2020-03-27,25.170000,26.129999,24.400000,24.959999,24.959999,461300
2020-03-30,25.150000,25.410000,24.639999,24.870001,24.870001,456100
2020-03-31,24.730000,27.216000,24.680000,26.500000,26.500000,655900
2020-04-01,25.930000,26.930000,23.139999,23.570000,23.570000,352800
2020-04-02,23.570000,24.580000,23.040001,23.440001,23.440001,340800
2020-04-03,23.440001,24.152000,23.219999,23.490000,23.490000,344000
2020-04-06,24.639999,25.650000,24.379999,25.309999,25.309999,725400
2020-04-07,26.080000,26.700001,25.610001,25.700001,25.700001,424000
2020-04-08,25.969999,27.440001,25.450001,27.010000,27.010000,217200
2020-04-09,27.320000,28.405001,26.945000,28.340000,28.340000,220500
2020-04-13,28.080000,28.309999,27.570000,28.170000,28.170000,156900
2020-04-14,28.719999,29.375000,28.200001,28.809999,28.809999,214800
2020-04-15,28.000000,28.514999,27.620001,28.309999,28.309999,204100
2020-04-16,28.420000,29.309999,28.170000,29.020000,29.020000,217400
2020-04-17,29.240000,30.730000,29.090000,30.510000,30.510000,321400
2020-04-20,30.049999,31.030001,29.870001,30.830000,30.830000,296700
2020-04-21,30.260000,30.299999,28.780001,29.770000,29.770000,254500
2020-04-22,30.490000,30.520000,29.700001,30.070000,30.070000,201100
2020-04-23,30.190001,31.000000,30.020000,30.059999,30.059999,146800
2020-04-24,30.260000,30.370001,29.799999,30.150000,30.150000,121600
2020-04-27,30.680000,31.400000,30.490000,31.070000,31.070000,130900
2020-04-28,31.740000,31.799999,30.410000,30.690001,30.690001,290000
2020-04-29,31.889999,33.330002,31.355000,33.000000,33.000000,325500
2020-04-30,32.730000,33.169998,32.049999,32.990002,32.990002,235400
2020-05-01,32.080002,32.410000,30.280001,31.090000,31.090000,184600
2020-05-04,31.049999,31.629999,30.440001,31.530001,31.530001,286700
2020-05-05,32.369999,32.919998,31.760000,31.940001,31.940001,203000
2020-05-06,31.750000,32.790001,31.360001,32.619999,32.619999,199700
2020-05-07,33.439999,33.480000,32.340000,32.650002,32.650002,200800
2020-05-08,33.430000,35.029999,32.130001,34.340000,34.340000,411200
2020-05-11,33.520000,34.000000,32.939999,33.150002,33.150002,292400
2020-05-12,33.349998,34.360001,32.980000,33.259998,33.259998,228600
2020-05-13,33.110001,33.334999,31.129999,32.160000,32.160000,205700
2020-05-14,31.709999,32.439999,30.879999,31.889999,31.889999,208800
2020-05-15,31.709999,32.320000,30.920000,32.250000,32.250000,162100
2020-05-18,33.369999,34.860001,32.639999,34.540001,34.540001,292800
2020-05-19,34.480000,35.520000,34.480000,34.549999,34.549999,239800
2020-05-20,35.000000,36.020000,34.520000,35.849998,35.849998,263800
2020-05-21,35.970001,36.470001,35.700001,35.900002,35.900002,147900
2020-05-22,36.099998,36.540001,35.770000,36.290001,36.290001,178900
2020-05-26,37.099998,38.099998,36.630001,37.689999,37.689999,274200
2020-05-27,38.099998,38.209999,36.500000,37.689999,37.689999,216300
2020-05-28,38.049999,38.509998,37.560001,37.599998,37.599998,217100
2020-05-29,37.470001,39.200001,37.470001,39.090000,39.090000,381600
2020-06-01,39.270000,39.505001,38.939999,38.939999,38.939999,336700
2020-06-02,39.000000,39.889999,38.339001,39.820000,39.820000,469900
2020-06-03,39.889999,41.230000,39.368000,39.889999,39.889999,464800
2020-06-04,39.439999,39.970001,38.849998,39.250000,39.250000,533200
2020-06-05,39.560001,40.610001,39.049999,40.209999,40.209999,273300
2020-06-08,40.000000,40.330002,38.884998,38.930000,38.930000,241800
2020-06-09,38.509998,39.599998,38.509998,39.139999,39.139999,201500
2020-06-10,39.209999,39.639999,38.990002,39.419998,39.419998,268700
2020-06-11,38.759998,38.759998,35.790001,36.240002,36.240002,253000
2020-06-12,36.259998,37.740002,36.259998,37.020000,37.020000,200700
2020-06-15,36.540001,37.950001,35.860001,37.680000,37.680000,297400
2020-06-16,38.540001,38.709999,37.000000,38.200001,38.200001,366000
2020-06-17,38.610001,39.044998,38.389999,38.560001,38.560001,241500
2020-06-18,38.490002,39.415001,38.490002,39.060001,39.060001,231000
2020-06-19,39.450001,39.924999,37.730000,37.840000,37.840000,741700
2020-06-22,37.990002,39.279999,37.950001,39.150002,39.150002,237100
2020-06-23,39.610001,39.970001,39.380001,39.564999,39.564999,287100
2020-06-24,39.250000,39.680000,38.040001,39.139999,39.139999,213100
2020-06-25,38.980000,39.889999,38.564999,39.830002,39.830002,207600
2020-06-26,39.750000,39.750000,38.040001,38.139999,38.139999,583500
2020-06-29,38.430000,39.029999,37.910000,38.790001,38.790001,176700
2020-06-30,38.830002,39.959999,38.230000,39.750000,39.750000,202500
2020-07-01,39.090000,40.540001,39.090000,40.310001,40.310001,325900
2020-07-02,41.000000,41.000000,39.040001,39.400002,39.400002,257800
2020-07-06,39.000000,39.660000,38.520000,39.049999,39.049999,313900
2020-07-07,39.090000,39.980000,38.735001,38.799999,38.799999,341000
2020-07-08,38.910000,39.270000,38.340000,39.000000,39.000000,320400
2020-07-09,39.000000,39.369999,37.959999,38.689999,38.689999,277700
2020-07-10,38.779999,39.105000,38.160999,38.555000,38.555000,176800
2020-07-13,38.860001,39.160000,36.970001,37.020000,37.020000,160300
2020-07-14,37.090000,37.520000,36.209999,37.490002,37.490002,156800
2020-07-15,37.869999,38.689999,37.615002,37.950001,37.950001,223700
2020-07-16,37.590000,37.700001,36.619999,37.310001,37.310001,139600
2020-07-17,37.270000,38.439999,36.959999,38.049999,38.049999,212100
2020-07-20,38.099998,39.540001,37.730000,39.410000,39.410000,195300
2020-07-21,39.750000,39.990002,39.000000,39.200001,39.200001,232300
2020-07-22,39.240002,39.700001,38.930000,39.119999,39.119999,103800
2020-07-23,38.910000,40.480000,38.730000,38.950001,38.950001,201500
2020-07-24,38.570000,39.000000,38.099998,38.189999,38.189999,228300
2020-07-27,38.439999,39.779999,38.439999,39.709999,39.709999,114700
2020-07-28,39.480000,39.540001,38.730000,39.169998,39.169998,148300
2020-07-29,39.560001,40.790001,39.380001,40.459999,40.459999,382900
2020-07-30,39.910000,40.810001,39.564999,40.509998,40.509998,134600
2020-07-31,40.360001,40.400002,39.220001,40.299999,40.299999,171100
2020-08-03,40.759998,40.779999,40.000000,40.290001,40.290001,354800
2020-08-04,40.299999,40.790001,39.930000,40.669998,40.669998,204500
2020-08-05,40.919998,42.900002,40.709999,42.090000,42.090000,656300
2020-08-06,41.930000,42.035000,40.160000,41.139999,41.139999,244700
2020-08-07,42.509998,44.340000,40.290001,41.029999,41.029999,490700
2020-08-10,40.939999,40.939999,38.500000,38.799999,38.799999,211500
2020-08-11,38.689999,39.590000,38.084000,38.680000,38.680000,174300
2020-08-12,39.189999,40.250000,38.959999,40.150002,40.150002,200600
2020-08-13,39.980000,41.209999,39.360001,40.889999,40.889999,179500
2020-08-14,40.889999,41.090000,39.900002,39.959999,39.959999,176800
2020-08-17,40.099998,40.869999,39.799999,40.349998,40.349998,171300
2020-08-18,40.450001,41.810001,40.259998,41.349998,41.349998,290100
2020-08-19,41.450001,41.880001,40.681999,41.470001,41.470001,145700
2020-08-20,41.070000,42.060001,40.990002,41.750000,41.750000,132100
2020-08-21,41.799999,41.799999,40.830002,40.910000,40.910000,90500
2020-08-24,41.480000,41.869999,40.980000,41.810001,41.810001,127400
2020-08-25,42.000000,42.349998,41.669998,42.250000,42.250000,133000
2020-08-26,42.330002,43.160000,42.330002,42.630001,42.630001,244800
2020-08-27,42.610001,43.009998,41.810001,42.240002,42.240002,123300
2020-08-28,42.610001,42.900002,42.369999,42.599998,42.599998,141100
2020-08-31,42.509998,42.779999,41.869999,42.020000,42.020000,253600
2020-09-01,41.939999,43.349998,41.330002,43.000000,43.000000,331300
2020-09-02,43.200001,43.509998,42.509998,43.310001,43.310001,231800
2020-09-03,42.950001,42.950001,39.860001,40.490002,40.490002,153200
2020-09-04,40.779999,40.830002,38.470001,39.930000,39.930000,242700
2020-09-08,38.740002,39.700001,38.570000,38.910000,38.910000,160400
2020-09-09,39.189999,40.029999,38.730000,39.750000,39.750000,149000
2020-09-10,40.570000,41.490002,38.660000,38.709999,38.709999,371200
2020-09-11,38.799999,38.980000,37.240002,37.669998,37.669998,269700
2020-09-14,37.799999,39.279999,37.799999,39.060001,39.060001,186600
2020-09-15,39.419998,39.990002,39.259998,39.700001,39.700001,171400
2020-09-16,39.990002,41.820000,39.720001,40.380001,40.380001,296200
2020-09-17,39.520000,40.799999,38.630001,40.660000,40.660000,288600
2020-09-18,41.549999,42.150002,40.750000,41.930000,41.930000,433000
2020-09-21,41.299999,41.970001,40.630001,41.869999,41.869999,241600
2020-09-22,42.230000,42.770000,41.285000,42.669998,42.669998,259500
2020-09-23,42.580002,42.669998,39.959999,40.110001,40.110001,269500
2020-09-24,39.930000,40.610001,39.365002,39.880001,39.880001,291600
2020-09-25,39.799999,41.619999,39.660000,41.430000,41.430000,176300
2020-09-28,42.000000,42.619999,41.790001,41.880001,41.880001,194900
2020-09-29,41.869999,42.380001,41.389999,41.700001,41.700001,126900
2020-09-30,41.580002,42.529999,41.314999,41.980000,41.980000,203600
2020-10-01,42.459999,43.770000,42.230000,43.529999,43.529999,272300
2020-10-02,42.200001,43.525002,41.950001,43.000000,43.000000,309500
2020-10-05,43.330002,44.980000,42.759998,44.919998,44.919998,297100
2020-10-06,45.000000,45.990002,44.480000,45.389999,45.389999,610000
2020-10-07,45.590000,46.150002,44.930000,44.990002,44.990002,478600
2020-10-08,46.029999,46.220001,44.540001,44.680000,44.680000,162900
2020-10-09,45.040001,45.820000,44.840000,45.099998,45.099998,235800
2020-10-12,45.150002,46.279999,44.970001,46.200001,46.200001,322900
2020-10-13,46.259998,46.979000,45.705002,45.770000,45.770000,133900
2020-10-14,47.430000,47.430000,45.570000,46.259998,46.259998,163200
2020-10-15,45.450001,46.349998,45.139999,46.020000,46.020000,228600
2020-10-16,45.830002,46.525002,45.736000,46.279999,46.279999,139900
2020-10-19,46.360001,46.705002,45.865002,46.250000,46.250000,186100
2020-10-20,46.500000,46.790001,45.939999,46.490002,46.490002,169000
2020-10-21,46.730000,47.130001,45.250000,45.400002,45.400002,105500
2020-10-22,45.299999,46.060001,44.799999,45.930000,45.930000,164100
2020-10-23,46.230000,47.419998,45.869999,47.389999,47.389999,194100
2020-10-26,47.060001,47.090000,45.294998,45.540001,45.540001,148900
2020-10-27,45.759998,46.200001,45.480000,45.779999,45.779999,151200
2020-10-28,44.880001,45.369999,43.439999,43.680000,43.680000,193700
2020-10-29,43.790001,45.389999,43.349998,45.080002,45.080002,175000
2020-10-30,44.810001,45.369999,42.480000,43.029999,43.029999,175500
2020-11-02,43.419998,44.419998,43.259998,44.090000,44.090000,312700
2020-11-03,44.610001,45.150002,44.000000,44.720001,44.720001,235200
2020-11-04,45.130001,46.919998,44.685001,46.430000,46.430000,183700
2020-11-05,47.000000,48.490002,46.610001,47.580002,47.580002,296900
2020-11-06,45.480000,50.330002,45.130001,50.049999,50.049999,546300
2020-11-09,50.500000,51.040001,48.709999,48.889999,48.889999,407900
2020-11-10,48.950001,49.240002,47.779999,48.709999,48.709999,469500
2020-11-11,48.770000,50.669998,48.619999,49.830002,49.830002,213300
2020-11-12,50.000000,50.470001,48.480000,48.889999,48.889999,274800
2020-11-13,49.500000,50.490002,48.520000,49.009998,49.009998,235100
2020-11-16,48.810001,49.709999,48.279999,49.070000,49.070000,241400
2020-11-17,49.049999,49.810001,48.279999,49.450001,49.450001,287700
2020-11-18,49.400002,50.169998,49.000000,49.250000,49.250000,206200
2020-11-19,49.299999,50.980000,49.279999,50.730000,50.730000,242500
2020-11-20,50.189999,51.939999,49.990002,51.029999,51.029999,311600
2020-11-23,51.000000,51.380001,50.110001,51.110001,51.110001,181800
2020-11-24,51.000000,51.220001,50.645000,50.959999,50.959999,269100
2020-11-25,51.869999,52.415001,50.959999,51.770000,51.770000,341700
2020-11-27,51.950001,53.459999,51.919998,53.180000,53.180000,130700
2020-11-30,53.000000,54.480000,52.830002,53.900002,53.900002,453200
2020-12-01,54.389999,54.389999,52.419998,53.000000,53.000000,883400
2020-12-02,52.349998,52.810001,51.400002,52.029999,52.029999,183800
2020-12-03,51.799999,53.720001,51.720001,52.299999,52.299999,254700
2020-12-04,52.669998,54.180000,52.270000,53.955002,53.955002,301300
2020-12-07,54.169998,54.810001,53.619999,54.419998,54.419998,198700
2020-12-08,54.000000,55.119999,52.000000,55.080002,55.080002,196700
2020-12-09,57.700001,57.709999,54.360001,54.930000,54.930000,216300
2020-12-10,54.930000,56.549999,54.790001,55.680000,55.680000,241800
2020-12-11,55.919998,56.619999,55.349998,56.500000,56.500000,131000
2020-12-14,57.070000,57.740002,56.220001,56.880001,56.880001,259800
2020-12-15,57.220001,57.570000,55.910000,57.040001,57.040001,275900
2020-12-16,56.869999,57.740002,56.509998,56.980000,56.980000,481500
2020-12-17,57.130001,58.680000,57.130001,57.959999,57.959999,269500
2020-12-18,58.380001,58.930000,57.415001,57.919998,57.919998,551900
2020-12-21,57.000000,58.150002,56.930000,57.720001,57.720001,204700
2020-12-22,58.209999,59.250000,57.320000,58.430000,58.430000,351400
2020-12-23,58.430000,59.480000,57.700001,59.189999,59.189999,199600
2020-12-24,59.549999,59.939999,58.750000,59.209999,59.209999,82300
2020-12-28,59.939999,60.000000,58.500000,58.500000,58.500000,135800
2020-12-29,58.459999,59.709999,57.660000,58.000000,58.000000,164500
2020-12-30,58.320000,58.790001,58.090000,58.180000,58.180000,101900
2020-12-31,58.160000,58.544998,57.930000,58.180000,58.180000,158200
2021-01-04,58.240002,58.990002,57.084999,57.700001,57.700001,412800
2021-01-05,57.500000,58.459999,57.250000,58.349998,58.349998,158800
2021-01-06,58.270000,60.154999,58.090000,59.750000,59.750000,330000
2021-01-07,60.020000,61.160000,59.450001,60.820000,60.820000,306400
2021-01-08,61.009998,61.570000,59.695000,60.509998,60.509998,185100
2021-01-11,59.790001,61.689999,58.770000,61.630001,61.630001,357300
2021-01-12,61.860001,63.139999,61.779999,62.990002,62.990002,389700
2021-01-13,62.970001,63.000000,59.590000,60.200001,60.200001,289600
2021-01-14,60.209999,62.130001,60.209999,61.730000,61.730000,249800
2021-01-15,61.340000,63.139999,59.000000,59.900002,59.900002,353000
2021-01-19,60.990002,61.509998,60.189999,60.500000,60.500000,195800
2021-01-20,60.970001,62.740002,60.860001,61.869999,61.869999,236000
2021-01-21,62.029999,62.355000,61.419998,61.580002,61.580002,202600
2021-01-22,61.060001,61.240002,59.090000,59.750000,59.750000,426000
2021-01-25,59.610001,60.669998,58.865002,59.009998,59.009998,215100
2021-01-26,59.250000,59.250000,57.889999,58.209999,58.209999,217100
2021-01-27,56.919998,57.840000,55.310001,55.520000,55.520000,382000
2021-01-28,55.750000,57.900002,54.639999,56.950001,56.950001,361100
2021-01-29,57.349998,58.450001,55.919998,55.930000,55.930000,416400
2021-02-01,56.360001,59.439999,56.360001,59.150002,59.150002,467500
2021-02-02,59.700001,60.950001,59.490002,59.860001,59.860001,369500
2021-02-03,59.820000,61.549999,59.630001,61.180000,61.180000,227500
2021-02-04,61.119999,64.209999,60.910000,63.540001,63.540001,276100
2021-02-05,64.540001,64.739998,63.625000,64.639999,64.639999,217600
2021-02-08,66.150002,67.250000,64.129997,65.489998,65.489998,438700
2021-02-09,65.089996,67.169998,64.620003,65.349998,65.349998,428800
2021-02-10,65.800003,66.970001,64.040001,65.830002,65.830002,195600
2021-02-11,66.099998,66.620003,65.010002,66.349998,66.349998,167700
2021-02-12,66.120003,67.379997,65.290001,67.339996,67.339996,183200
2021-02-16,67.800003,68.580002,64.639999,65.010002,65.010002,267700
2021-02-17,64.519997,65.744003,61.820000,62.055000,62.055000,287900
2021-02-18,61.380001,62.470001,60.250000,61.029999,61.029999,246200
2021-02-19,61.380001,64.470001,61.380001,63.080002,63.080002,201400
2021-02-22,62.180000,62.980000,60.700001,61.220001,61.220001,203900
2021-02-23,59.740002,61.150002,58.049999,60.590000,60.590000,347900
2021-02-24,60.000000,61.560001,58.619999,61.169998,61.169998,176800
2021-02-25,60.830002,61.369999,57.669998,57.669998,57.669998,288600
2021-02-26,57.029999,62.029999,57.000000,61.590000,61.590000,660100
2021-03-01,63.310001,64.410004,62.509998,63.270000,63.270000,429700
2021-03-02,63.889999,64.639999,62.875000,63.650002,63.650002,1046500
2021-03-03,64.059998,64.059998,62.080002,62.500000,62.500000,321700
2021-03-04,61.509998,62.490002,58.029999,58.669998,58.669998,405700
2021-03-05,59.240002,59.240002,55.794998,58.439999,58.439999,546900
2021-03-08,58.560001,59.500000,55.500000,55.669998,55.669998,277100
2021-03-09,57.240002,61.055000,57.115002,60.520000,60.520000,249600
2021-03-10,61.680000,62.980000,59.480000,59.740002,59.740002,322500
2021-03-11,61.130001,63.389999,60.900002,62.900002,62.900002,431700
2021-03-12,59.450001,62.389999,59.450001,60.630001,60.630001,327700
2021-03-15,59.750000,62.029999,59.669998,61.930000,61.930000,189600
2021-03-16,60.430000,62.110001,59.290001,60.639999,60.639999,266700
2021-03-17,59.580002,61.110001,59.049999,60.380001,60.380001,347700
2021-03-18,59.669998,60.860001,58.650002,59.139999,59.139999,217200
2021-03-19,58.790001,61.889999,58.450001,61.400002,61.400002,460200
2021-03-22,61.959999,63.980000,61.950001,62.750000,62.750000,277500
2021-03-23,62.720001,64.199997,61.150002,61.459999,61.459999,293600
2021-03-24,61.980000,61.980000,59.930000,60.020000,60.020000,275100
2021-03-25,59.410000,61.060001,58.029999,60.660000,60.660000,177300
2021-03-26,61.130001,63.450001,60.849998,63.450001,63.450001,169800
2021-03-29,63.160000,63.910000,60.919998,61.380001,61.380001,201400
2021-03-30,61.560001,62.470001,60.715000,60.970001,60.970001,227000
2021-03-31,61.400002,63.419998,61.169998,62.570000,62.570000,289000
2021-04-01,63.590000,66.029999,62.845001,63.320000,63.320000,371100
2021-04-05,63.560001,65.449997,63.305000,65.180000,65.180000,199600
2021-04-06,64.660004,65.500000,63.939999,64.290001,64.290001,730200
2021-04-07,64.389999,64.769997,63.459999,64.050003,64.050003,144200
2021-04-08,64.919998,65.470001,64.370003,65.129997,65.129997,176500
2021-04-09,65.059998,65.419998,64.500000,65.150002,65.150002,105800
2021-04-12,64.750000,64.900002,63.459999,63.959999,63.959999,187900
2021-04-13,64.570000,65.300003,63.709999,63.759998,63.759998,150800
2021-04-14,63.680000,65.470001,63.680000,63.990002,63.990002,273200
2021-04-15,64.019997,66.839996,60.830002,61.590000,61.590000,473100
2021-04-16,61.980000,63.360001,60.547001,63.299999,63.299999,302300
2021-04-19,62.470001,63.550999,62.299999,63.290001,63.290001,219000
2021-04-20,62.990002,64.370003,62.990002,63.950001,63.950001,202000
2021-04-21,63.970001,66.019997,63.540001,66.010002,66.010002,222000
2021-04-22,66.290001,67.199997,64.970001,65.209999,65.209999,168500
2021-04-23,65.330002,67.440002,65.320000,67.110001,67.110001,180100
2021-04-26,67.370003,68.239998,67.339996,67.970001,67.970001,163000
2021-04-27,68.000000,68.169998,67.220001,67.610001,67.610001,122300
2021-04-28,67.610001,68.315002,66.750000,68.000000,68.000000,143300
2021-04-29,68.510002,69.000000,66.730003,67.250000,67.250000,481900
2021-04-30,66.360001,67.614998,64.269997,65.000000,65.000000,430600
2021-05-03,65.309998,66.705002,64.550003,65.419998,65.419998,457400
2021-05-04,65.300003,65.559998,63.310001,64.910004,64.910004,374100
2021-05-05,65.000000,66.250000,64.500000,65.000000,65.000000,229200
2021-05-06,64.519997,65.059998,62.060001,64.949997,64.949997,355400
2021-05-07,65.599998,67.470001,64.739998,65.849998,65.849998,662200
2021-05-10,65.790001,66.379997,64.894997,65.519997,65.519997,572900
2021-05-11,63.720001,66.220001,62.985001,65.760002,65.760002,411900
2021-05-12,64.910004,65.849998,62.130001,62.450001,62.450001,311200
2021-05-13,63.630001,64.489998,62.470001,63.480000,63.480000,161100
2021-05-14,64.040001,66.070000,63.680000,66.019997,66.019997,169700
2021-05-17,65.529999,65.910004,64.709999,65.220001,65.220001,198400
2021-05-18,65.379997,66.279999,63.279999,63.349998,63.349998,291500
2021-05-19,62.150002,63.070000,60.250000,62.810001,62.810001,393900
2021-05-20,62.959999,64.900002,62.959999,64.769997,64.769997,229400
2021-05-21,65.360001,66.250000,64.339996,64.860001,64.860001,167900
2021-05-24,65.389999,66.430000,64.809998,65.809998,65.809998,233900
2021-05-25,66.349998,66.620003,64.875000,65.489998,65.489998,286800
2021-05-26,66.050003,66.370003,65.260002,65.459999,65.459999,136400
2021-05-27,65.669998,67.639999,64.720001,67.440002,67.440002,395900
2021-05-28,68.000000,68.385002,67.199997,67.370003,67.370003,287600
2021-06-01,67.330002,67.760002,66.443001,67.029999,67.029999,161200
2021-06-02,67.129997,67.989998,65.400002,66.959999,66.959999,709900
2021-06-03,66.209999,67.260002,65.320000,65.849998,65.849998,115800
2021-06-04,66.559998,67.010002,65.379997,65.449997,65.449997,220200
2021-06-07,65.330002,66.269997,65.214996,65.680000,65.680000,142800
2021-06-08,65.919998,67.099998,65.760002,65.839996,65.839996,180100
2021-06-09,65.889999,66.260002,65.139999,65.250000,65.250000,109600
2021-06-10,65.309998,66.320000,64.339996,65.470001,65.470001,645400
2021-06-11,65.529999,65.830002,65.379997,65.489998,65.489998,95200
2021-06-14,65.510002,67.330002,65.457001,66.779999,66.779999,259700
2021-06-15,66.580002,66.580002,64.300003,64.599998,64.599998,167200
2021-06-16,64.370003,64.649002,62.490002,63.240002,63.240002,236100
2021-06-17,62.770000,63.535000,62.389999,63.270000,63.270000,343700
2021-06-18,63.000000,64.779999,62.889999,64.279999,64.279999,324300
2021-06-21,64.410004,65.678001,63.757999,65.360001,65.360001,127700
2021-06-22,65.190002,66.320000,64.660004,66.309998,66.309998,158700
2021-06-23,66.650002,67.709999,65.849998,67.580002,67.580002,215400
2021-06-24,68.000000,70.050003,67.695000,70.010002,70.010002,359100
2021-06-25,70.500000,71.389999,69.500000,69.570000,69.570000,483200
2021-06-28,69.570000,70.000000,68.445000,69.519997,69.519997,160700
2021-06-29,69.519997,71.529999,69.245003,71.459999,71.459999,467200
2021-06-30,71.029999,71.040001,68.870003,68.970001,68.970001,222800
2021-07-01,68.889999,70.180000,68.410004,70.169998,70.169998,139100
2021-07-02,70.500000,70.739998,70.010002,70.470001,70.470001,109000
2021-07-06,71.000000,72.154999,70.400002,70.500000,70.500000,251900
2021-07-07,70.720001,71.370003,68.669998,68.940002,68.940002,125600
2021-07-08,67.500000,68.300003,66.010002,67.480003,67.480003,196200
2021-07-09,67.639999,69.220001,67.550003,69.080002,69.080002,105900
2021-07-12,69.169998,69.498001,68.199997,69.019997,69.019997,140500
2021-07-13,68.830002,69.489998,67.849998,68.519997,68.519997,88100
2021-07-14,69.139999,69.349998,67.839996,67.910004,67.910004,166900
2021-07-15,67.510002,68.220001,65.285004,66.300003,66.300003,729600
2021-07-16,67.160004,67.160004,64.070000,64.169998,64.169998,225300
2021-07-19,62.959999,66.080002,61.919998,66.010002,66.010002,348500
2021-07-20,66.320000,67.925003,66.320000,66.720001,66.720001,273600
2021-07-21,66.750000,67.610001,66.260002,67.029999,67.029999,173200
2021-07-22,66.980003,67.769997,66.724998,66.949997,66.949997,70800
2021-07-23,66.949997,68.470001,66.559998,68.050003,68.050003,151900
2021-07-26,68.180000,68.199997,67.510002,67.589996,67.589996,87200
2021-07-27,67.940002,67.940002,66.029999,67.529999,67.529999,125400
2021-07-28,67.690002,69.099998,67.410004,69.000000,69.000000,137200
2021-07-29,69.040001,69.279999,68.595001,69.160004,69.160004,115700
2021-07-30,68.750000,69.760002,68.614998,69.760002,69.760002,136900
2021-08-02,70.000000,70.779999,69.370003,69.459999,69.459999,206000
2021-08-03,69.739998,70.680000,69.269997,69.870003,69.870003,139100
2021-08-04,69.559998,69.849998,68.870003,69.059998,69.059998,911900
2021-08-05,68.970001,70.949997,68.970001,70.790001,70.790001,181900
2021-08-06,70.949997,71.849998,68.360001,71.660004,71.660004,170100
2021-08-09,71.830002,72.238998,70.919998,70.980003,70.980003,170900
2021-08-10,71.110001,72.099998,70.260002,70.930000,70.930000,307900
2021-08-11,71.089996,71.449997,70.129997,70.139999,70.139999,178200
2021-08-12,69.860001,72.480003,69.072998,72.160004,72.160004,208400
2021-08-13,72.250000,72.500000,71.830002,72.110001,72.110001,114700
2021-08-16,71.680000,72.599998,70.535004,72.330002,72.330002,221000
2021-08-17,71.709999,71.709999,70.779999,71.180000,71.180000,97000
2021-08-18,71.010002,71.410004,70.559998,70.970001,70.970001,196100
2021-08-19,70.389999,72.949997,70.220001,72.839996,72.839996,125400
2021-08-20,73.099998,74.190002,72.699997,73.620003,73.620003,188300
2021-08-23,74.040001,74.900002,74.000000,74.779999,74.779999,181100
2021-08-24,74.989998,76.519997,74.620003,76.389999,76.389999,281800
2021-08-25,76.389999,76.910004,74.989998,75.120003,75.120003,147500
2021-08-26,74.809998,74.980003,73.169998,73.300003,73.300003,133400
2021-08-27,73.470001,75.550003,73.370003,74.949997,74.949997,121000
2021-08-30,75.230003,75.230003,73.900002,74.070000,74.070000,130900
2021-08-31,74.260002,74.459999,73.519997,73.989998,73.989998,191900
2021-09-01,74.500000,76.089996,74.440002,75.300003,75.300003,166100
2021-09-02,75.709999,75.764999,74.470001,75.339996,75.339996,168800
2021-09-03,75.110001,76.199997,74.849998,75.070000,75.070000,96400
2021-09-07,75.120003,75.410004,74.160004,74.589996,74.589996,118700
2021-09-08,74.349998,75.223999,73.580002,74.160004,74.160004,240700
2021-09-09,73.949997,75.050003,73.949997,73.989998,73.989998,113600
2021-09-10,74.120003,74.870003,73.584999,73.900002,73.900002,245200
2021-09-13,74.370003,75.550003,73.430000,75.269997,75.269997,191500
2021-09-14,75.709999,76.150002,74.790001,75.269997,75.269997,141200
2021-09-15,75.199997,75.870003,74.720001,75.669998,75.669998,162700
2021-09-16,75.680000,75.680000,74.660004,75.519997,75.519997,139200
2021-09-17,76.110001,76.438004,73.514000,74.889999,74.889999,1354400
2021-09-20,73.099998,74.129997,70.930000,72.029999,72.029999,166300
2021-09-21,72.709999,74.360001,72.010002,72.589996,72.589996,101800
2021-09-22,73.019997,73.559998,72.279999,73.309998,73.309998,110500
2021-09-23,73.760002,74.779999,73.309998,74.699997,74.699997,98000
2021-09-24,74.150002,74.889999,73.285004,74.449997,74.449997,324700
2021-09-27,73.910004,73.919998,72.444000,72.930000,72.930000,155000
2021-09-28,71.830002,72.073997,69.379997,69.480003,69.480003,136300
2021-09-29,69.910004,70.350998,68.660004,68.910004,68.910004,170000
2021-09-30,69.260002,69.930000,68.680000,68.940002,68.940002,165500
2021-10-01,69.269997,70.290001,68.459999,69.930000,69.930000,141100
2021-10-04,69.419998,69.919998,67.309998,69.239998,69.239998,861800
2021-10-05,69.699997,71.620003,69.188004,71.169998,71.169998,180900
2021-10-06,70.230003,71.315002,69.300003,71.029999,71.029999,152300
2021-10-07,72.335999,73.095001,71.360001,71.449997,71.449997,297300
2021-10-08,71.879997,71.879997,70.519997,70.690002,70.690002,104200
2021-10-11,70.250000,71.480003,70.220001,70.419998,70.419998,52500
2021-10-12,70.959999,71.449997,70.199997,70.680000,70.680000,92700
2021-10-13,71.230003,72.610001,71.160004,72.610001,72.610001,98600
2021-10-14,73.230003,74.209999,72.500000,72.989998,72.989998,194300
2021-10-15,74.099998,74.360001,72.489998,72.750000,72.750000,218000
2021-10-18,72.169998,74.050003,72.169998,73.550003,73.550003,217300
2021-10-19,73.589996,74.760002,72.750000,74.239998,74.239998,131000
2021-10-20,74.180000,75.230003,74.169998,74.940002,74.940002,101200
2021-10-21,75.120003,76.070000,74.330002,75.269997,75.269997,145700
2021-10-22,75.360001,75.959999,74.870003,75.889999,75.889999,170500
2021-10-25,76.339996,77.239998,75.629997,76.779999,76.779999,113300
2021-10-26,77.010002,78.355003,77.010002,77.440002,77.440002,153600
2021-10-27,77.360001,77.430000,75.385002,75.440002,75.440002,111600
2021-10-28,75.800003,77.032997,75.800003,76.879997,76.879997,58700
2021-10-29,76.410004,77.879997,76.410004,77.790001,77.790001,108800
2021-11-01,78.059998,78.730003,77.834000,78.260002,78.260002,155900
2021-11-02,78.470001,79.190002,77.860001,78.750000,78.750000,127800
2021-11-03,78.849998,78.889999,77.315002,77.480003,77.480003,230700
2021-11-04,78.000000,80.830002,77.805000,80.730003,80.730003,278200
2021-11-05,82.000000,82.000000,78.790001,79.910004,79.910004,458800
2021-11-08,80.089996,82.959999,79.709999,80.000000,80.000000,306900
2021-11-09,80.889999,81.025002,79.050003,80.059998,80.059998,336300
2021-11-10,78.830002,80.040001,76.410004,77.160004,77.160004,136900
2021-11-11,77.680000,78.239998,77.449997,77.610001,77.610001,77100
2021-11-12,78.000000,78.800003,77.290001,78.779999,78.779999,94000
2021-11-15,79.260002,79.260002,77.199997,78.180000,78.180000,190300
2021-11-16,78.000000,79.779999,77.730003,78.980003,78.980003,601200
2021-11-17,79.040001,79.040001,77.820000,77.949997,77.949997,182600
2021-11-18,78.290001,78.650002,77.220001,78.000000,78.000000,512200
2021-11-19,78.400002,80.800003,78.050003,79.769997,79.769997,224900
2021-11-22,79.959999,80.355003,77.565002,77.760002,77.760002,309000
2021-11-23,77.510002,77.849998,74.089996,75.139999,75.139999,259200
2021-11-24,74.139999,75.860001,73.010002,75.800003,75.800003,169000
2021-11-26,74.849998,75.900002,73.709999,74.160004,74.160004,120300
2021-11-29,75.160004,76.349998,74.559998,75.410004,75.410004,243600
2021-11-30,75.180000,76.290001,73.620003,74.449997,74.449997,253700
2021-12-01,75.610001,76.074997,71.730003,71.919998,71.919998,143900
2021-12-02,71.760002,73.489998,71.394997,73.150002,73.150002,156500
2021-12-03,73.639999,73.639999,70.139000,71.620003,71.620003,186800
2021-12-06,71.910004,73.050003,70.570000,72.580002,72.580002,161300
2021-12-07,73.360001,75.080002,72.349998,74.709999,74.709999,179100
2021-12-08,74.809998,75.620003,73.510002,75.110001,75.110001,108400
2021-12-09,74.830002,75.580002,72.459999,72.580002,72.580002,101100
2021-12-10,73.339996,75.080002,72.660004,73.050003,73.050003,105400
2021-12-13,73.160004,74.919998,73.040001,73.459999,73.459999,238500
2021-12-14,72.720001,72.949997,70.050003,71.410004,71.410004,150400
2021-12-15,71.580002,72.750000,69.660004,72.669998,72.669998,270900
2021-12-16,73.110001,74.570000,70.550003,70.790001,70.790001,260500
2021-12-17,70.300003,72.480003,69.129997,72.160004,72.160004,552500
2021-12-20,70.769997,71.400002,69.879997,70.669998,70.669998,171900
2021-12-21,71.570000,72.820000,70.720001,72.809998,72.809998,146400
2021-12-22,72.830002,74.570000,72.680000,74.519997,74.519997,166900
2021-12-23,74.730003,75.019997,73.250000,73.739998,73.739998,156400
2021-12-27,73.849998,75.480003,73.790001,75.389999,75.389999,78000
2021-12-28,75.449997,75.449997,74.169998,74.470001,74.470001,70200
2021-12-29,74.669998,76.000000,73.550003,74.440002,74.440002,184300
2021-12-30,74.669998,75.720001,74.620003,75.470001,75.470001,185200
2021-12-31,75.269997,77.769997,75.042999,77.320000,77.320000,424100
2022-01-03,77.339996,78.379997,71.769997,72.650002,72.650002,266300
2022-01-04,72.529999,72.529999,69.519997,71.190002,71.190002,160000
2022-01-05,70.870003,71.459999,67.750000,67.930000,67.930000,163500
2022-01-06,67.680000,69.529999,67.449997,68.750000,68.750000,134600
2022-01-07,68.750000,69.294998,67.370003,67.519997,67.519997,164800
2022-01-10,66.309998,67.169998,65.089996,66.949997,66.949997,224900
2022-01-11,67.080002,68.900002,65.236000,68.570000,68.570000,126100
2022-01-12,68.900002,69.635002,67.730003,68.089996,68.089996,251300
2022-01-13,68.519997,69.080002,64.980003,65.050003,65.050003,108500
2022-01-14,64.199997,65.410004,62.910000,64.199997,64.199997,320100
2022-01-18,62.790001,63.435001,60.500000,60.959999,60.959999,304200
2022-01-19,60.889999,63.470001,59.759998,59.959999,59.959999,191100
2022-01-20,60.790001,62.264999,59.880001,59.980000,59.980000,472700
2022-01-21,59.160000,61.233002,57.950001,59.349998,59.349998,375600
2022-01-24,58.450001,61.410000,56.817001,61.130001,61.130001,317000
2022-01-25,60.020000,61.570000,57.480000,57.650002,57.650002,189000
2022-01-26,59.090000,61.259998,57.605000,58.200001,58.200001,398200
2022-01-27,59.150002,59.790001,57.174999,57.740002,57.740002,247200
2022-01-28,58.139999,59.790001,56.880001,59.779999,59.779999,242800
2022-01-31,59.990002,63.020000,59.709999,62.919998,62.919998,196500
2022-02-01,62.919998,63.180000,61.189999,62.060001,62.060001,193300
2022-02-02,62.590000,62.889999,61.310001,61.419998,61.419998,148400
2022-02-03,59.939999,61.448002,59.330002,59.480000,59.480000,133500
2022-02-04,59.639999,61.145000,57.560001,60.730000,60.730000,138100
2022-02-07,60.759998,61.930000,60.250000,61.000000,61.000000,172900
2022-02-08,60.680000,62.209999,58.320000,62.020000,62.020000,168100
2022-02-09,63.119999,63.990002,62.490002,63.590000,63.590000,163600
2022-02-10,62.130001,63.599998,60.980000,62.599998,62.599998,235400
2022-02-11,62.970001,63.410000,59.820000,60.580002,60.580002,190200
2022-02-14,60.599998,61.700001,60.209999,60.540001,60.540001,151400
2022-02-15,61.529999,61.990002,60.430000,61.790001,61.790001,106700
2022-02-16,61.490002,62.590000,60.680000,62.290001,62.290001,145800
2022-02-17,61.549999,61.994999,60.320000,60.590000,60.590000,165500
2022-02-18,60.900002,61.130001,58.450001,58.689999,58.689999,232600
2022-02-22,58.009998,59.830002,57.549999,58.599998,58.599998,334900
2022-02-23,58.799999,60.445000,58.200001,58.419998,58.419998,357800
2022-02-24,56.790001,61.830002,56.709999,61.630001,61.630001,266700
2022-02-25,61.669998,64.919998,58.640999,64.919998,64.919998,384600
2022-02-28,64.300003,67.290001,64.300003,66.419998,66.419998,494600
2022-03-01,66.400002,68.339996,64.690002,66.879997,66.879997,494200
2022-03-02,67.449997,67.940002,65.224998,67.269997,67.269997,236800
2022-03-03,68.059998,68.845001,65.529999,66.019997,66.019997,220700
2022-03-04,65.830002,66.120003,64.129997,65.089996,65.089996,173700
2022-03-07,64.550003,65.614998,63.860001,64.489998,64.489998,245800
2022-03-08,64.190002,64.489998,61.910000,62.480000,62.480000,248400
2022-03-09,63.270000,65.190002,62.730000,64.910004,64.910004,136600
2022-03-10,63.549999,64.820000,63.049999,63.139999,63.139999,151900
2022-03-11,63.990002,63.990002,60.970001,61.049999,61.049999,141700
2022-03-14,59.959999,62.060001,59.230000,59.410000,59.410000,221100
2022-03-15,60.130001,61.169998,58.865002,59.520000,59.520000,339300
2022-03-16,58.480000,62.209999,58.480000,61.000000,61.000000,436600
2022-03-17,61.130001,62.650002,60.570000,62.619999,62.619999,243000
2022-03-18,62.779999,64.449997,62.330002,64.150002,64.150002,289000
2022-03-21,63.660000,64.440002,62.360001,62.910000,62.910000,145100
2022-03-22,63.000000,64.800003,62.578999,64.540001,64.540001,149200
2022-03-23,63.900002,64.110001,62.810001,63.230000,63.230000,139200
2022-03-24,63.369999,63.919998,62.709999,63.840000,63.840000,81000
2022-03-25,64.029999,64.370003,61.840000,62.400002,62.400002,106300
2022-03-28,62.360001,64.050003,62.360001,64.000000,64.000000,109600
2022-03-29,64.860001,66.970001,64.449997,66.570000,66.570000,133300
2022-03-30,65.959999,66.430000,64.015999,65.199997,65.199997,160800
2022-03-31,65.059998,66.139999,64.315002,64.400002,64.400002,137400
2022-04-01,64.529999,65.489998,62.641998,63.799999,63.799999,136200
2022-04-04,64.059998,65.345001,64.059998,64.790001,64.790001,78800
2022-04-05,64.809998,64.809998,62.509998,62.980000,62.980000,100200
2022-04-06,62.060001,63.060001,61.459999,61.869999,61.869999,88100
2022-04-07,61.450001,62.630001,60.820000,61.400002,61.400002,214200
2022-04-08,61.029999,61.029999,59.029999,59.169998,59.169998,184700
2022-04-11,59.619999,59.619999,58.119999,59.099998,59.099998,218900
2022-04-12,60.279999,62.130001,59.230000,59.630001,59.630001,219100
2022-04-13,59.630001,61.150002,59.500000,60.590000,60.590000,86400
2022-04-14,60.939999,61.090000,57.720001,57.799999,57.799999,144400
2022-04-18,57.930000,58.169998,56.660000,57.549999,57.549999,153500
2022-04-19,57.080002,58.770000,56.939999,58.720001,58.720001,159500
2022-04-20,59.080002,59.389999,58.330002,58.330002,58.330002,76800
2022-04-21,58.980000,58.980000,55.910999,56.290001,56.290001,128900
2022-04-22,56.169998,57.430000,55.209999,55.509998,55.509998,142800
2022-04-25,55.060001,56.320000,55.060001,56.250000,56.250000,129300
2022-04-26,55.799999,55.799999,54.139999,54.290001,54.290001,209400
2022-04-27,54.360001,55.549999,53.439999,53.689999,53.689999,165100
2022-04-28,54.349998,55.770000,53.779999,55.110001,55.110001,337300
2022-04-29,54.779999,56.040001,54.070000,54.320000,54.320000,710600
2022-05-02,54.369999,55.689999,53.520000,55.599998,55.599998,244700
2022-05-03,55.630001,56.020000,54.950001,55.330002,55.330002,611400
2022-05-04,55.310001,56.439999,53.560001,56.009998,56.009998,222500
2022-05-05,54.959999,55.439999,52.619999,53.740002,53.740002,378500
2022-05-06,53.740002,53.740002,50.720001,51.570000,51.570000,337800
2022-05-09,50.439999,51.465000,48.770000,49.580002,49.580002,1229400
2022-05-10,50.730000,54.709999,48.790001,51.169998,51.169998,776700
2022-05-11,50.740002,52.009998,49.924999,50.110001,50.110001,295400
2022-05-12,49.310001,51.924999,48.860001,50.840000,50.840000,479300
2022-05-13,51.740002,53.884998,51.020000,53.070000,53.070000,492700
2022-05-16,52.410000,53.410000,51.294998,52.250000,52.250000,222500
2022-05-17,53.360001,53.680000,51.619999,52.189999,52.189999,407600
2022-05-18,51.330002,52.119999,49.259998,51.020000,51.020000,338600
2022-05-19,51.130001,53.279999,51.029999,52.189999,52.189999,300600
2022-05-20,53.200001,53.310001,50.709999,52.029999,52.029999,275700
2022-05-23,52.020000,54.459999,51.189999,52.299999,52.299999,586300
2022-05-24,51.540001,52.189999,50.334999,51.759998,51.759998,417800
2022-05-25,51.400002,53.070000,50.799999,52.470001,52.470001,218700
2022-05-26,52.380001,53.459999,51.139999,53.099998,53.099998,330800
2022-05-27,53.580002,55.220001,53.244999,55.090000,55.090000,211500
2022-05-31,55.049999,55.410000,54.160000,54.959999,54.959999,471600
2022-06-01,55.290001,56.900002,53.549999,53.970001,53.970001,333000
2022-06-02,53.980000,56.509998,53.020000,56.459999,56.459999,228200
2022-06-03,55.240002,55.930000,54.450001,55.000000,55.000000,214400
2022-06-06,56.240002,56.571999,54.689999,54.939999,54.939999,200000
2022-06-07,54.090000,55.799999,54.090000,55.279999,55.279999,196600
2022-06-08,55.160000,55.744999,54.389999,54.570000,54.570000,131600
2022-06-09,54.840000,56.750000,53.860001,55.139999,55.139999,912500
2022-06-10,53.130001,53.770000,51.470001,51.939999,51.939999,1877600
2022-06-13,50.279999,51.014999,49.625000,49.959999,49.959999,358200
2022-06-14,50.200001,50.360001,48.500000,49.369999,49.369999,759600
2022-06-15,49.560001,52.279999,49.500000,51.360001,51.360001,350800
2022-06-16,50.320000,50.930000,49.660000,50.410000,50.410000,301400
2022-06-17,50.869999,53.669998,49.605000,51.950001,51.950001,675300
2022-06-21,52.250000,53.200001,52.139999,52.340000,52.340000,409600
2022-06-22,52.000000,53.020000,51.599998,52.070000,52.070000,277400
2022-06-23,52.389999,54.540001,52.060001,54.180000,54.180000,346900
2022-06-24,54.720001,56.110001,54.494999,55.730000,55.730000,764100
2022-06-27,54.040001,54.400002,50.900002,51.410000,51.410000,581300
2022-06-28,51.150002,51.750000,50.470001,51.250000,51.250000,914200
2022-06-29,51.139999,52.709999,50.310001,51.790001,51.790001,218500
2022-06-30,51.410000,52.509998,50.650002,52.500000,52.500000,445000
2022-07-01,52.090000,52.740002,51.590000,52.070000,52.070000,247500
2022-07-05,51.500000,53.529999,51.049999,53.470001,53.470001,207000
2022-07-06,53.660000,53.910000,52.134998,52.910000,52.910000,164000
2022-07-07,52.799999,53.880001,52.400002,53.610001,53.610001,204000
2022-07-08,53.009998,53.514999,52.384998,53.230000,53.230000,189800
2022-07-11,53.060001,53.959999,51.465000,51.619999,51.619999,354300
2022-07-12,51.820000,52.279999,49.290001,49.660000,49.660000,353300
2022-07-13,48.439999,49.900002,48.320000,49.380001,49.380001,144200
2022-07-14,48.650002,49.099998,48.195000,49.029999,49.029999,267700
2022-07-15,49.820000,51.610001,49.580002,51.360001,51.360001,389600
2022-07-18,51.779999,52.275002,50.980000,51.340000,51.340000,245700
2022-07-19,51.889999,53.080002,51.130001,52.830002,52.830002,222400
2022-07-20,53.160000,54.860001,53.000000,54.270000,54.270000,415000
2022-07-21,54.009998,55.020000,53.820000,55.020000,55.020000,155500
2022-07-22,54.700001,55.009998,53.860001,54.910000,54.910000,221600
2022-07-25,54.889999,54.915001,53.955002,54.380001,54.380001,160500
2022-07-26,54.150002,54.360001,53.259998,53.520000,53.520000,112300
2022-07-27,54.360001,56.500000,54.360001,55.980000,55.980000,281900
2022-07-28,55.790001,57.970001,55.084999,57.720001,57.720001,167200
2022-07-29,57.689999,59.055000,57.189999,58.910000,58.910000,231700
2022-08-01,58.320000,59.560001,58.180000,59.200001,59.200001,224000
2022-08-02,58.549999,59.110001,58.299999,58.310001,58.310001,421700
2022-08-03,58.369999,60.185001,58.369999,60.040001,60.040001,205800
2022-08-04,60.150002,61.099998,59.689999,60.880001,60.880001,176700
2022-08-05,59.080002,59.080002,55.560001,57.889999,57.889999,672800
2022-08-08,58.250000,58.900002,56.900002,56.950001,56.950001,389100
2022-08-09,56.349998,56.360001,55.459999,55.910000,55.910000,308900
2022-08-10,57.320000,57.490002,56.389999,56.480000,56.480000,236400
2022-08-11,57.009998,57.200001,55.259998,55.320000,55.320000,293400
2022-08-12,55.389999,56.520000,55.380001,56.410000,56.410000,189000
2022-08-15,56.520000,57.779999,56.415001,57.279999,57.279999,192200
2022-08-16,56.730000,57.250000,55.520000,56.270000,56.270000,156300
2022-08-17,56.380001,56.889999,55.560001,56.680000,56.680000,154500
2022-08-18,56.520000,57.490002,55.610001,56.430000,56.430000,192800
2022-08-19,56.279999,56.299999,54.549999,54.770000,54.770000,199200
2022-08-22,53.840000,54.700001,52.919998,53.720001,53.720001,270300
2022-08-23,53.580002,53.900002,52.980000,53.259998,53.259998,197100
2022-08-24,53.130001,54.384998,52.810001,54.310001,54.310001,236900
2022-08-25,54.830002,55.480000,54.650002,55.380001,55.380001,210400
2022-08-26,55.250000,55.250000,53.639999,53.730000,53.730000,336400
2022-08-29,53.290001,53.529999,51.560001,52.150002,52.150002,241800
2022-08-30,52.669998,53.040001,51.459999,52.090000,52.090000,184200
2022-08-31,52.689999,52.939999,51.799999,52.009998,52.009998,281700
2022-09-01,51.240002,51.840000,48.654999,49.340000,49.340000,519100
2022-09-02,49.740002,50.349998,48.560001,48.660000,48.660000,316400
2022-09-06,48.520000,51.014999,48.520000,49.189999,49.189999,220200
2022-09-07,49.139999,50.590000,49.130001,50.279999,50.279999,134300
2022-09-08,49.880001,51.070000,49.860001,50.860001,50.860001,122100
2022-09-09,51.439999,52.110001,51.139999,51.669998,51.669998,129000
2022-09-12,51.730000,52.290001,51.639999,52.200001,52.200001,148600
2022-09-13,50.610001,51.020000,48.480000,49.759998,49.759998,361900
2022-09-14,50.070000,50.549999,48.130001,48.700001,48.700001,246600
2022-09-15,48.000000,48.509998,47.299999,47.849998,47.849998,322800
2022-09-16,47.270000,47.340000,46.459999,47.060001,47.060001,325500
2022-09-19,46.630001,47.139999,45.900002,47.090000,47.090000,279700
2022-09-20,46.490002,46.889999,46.060001,46.240002,46.240002,180200
2022-09-21,46.580002,48.000000,46.259998,46.330002,46.330002,205400
2022-09-22,45.799999,46.185001,45.070000,45.970001,45.970001,275500
2022-09-23,45.750000,45.950001,44.919998,45.709999,45.709999,255800
2022-09-26,45.470001,46.720001,45.419998,45.490002,45.490002,224500
2022-09-27,45.939999,46.700001,45.384998,45.830002,45.830002,184200
2022-09-28,45.919998,46.480000,45.650002,46.169998,46.169998,153900
2022-09-29,45.529999,45.970001,44.810001,44.950001,44.950001,251600
2022-09-30,44.740002,45.834999,44.145000,44.220001,44.220001,190800
2022-10-03,44.430000,46.040001,44.195000,45.689999,45.689999,187000
2022-10-04,46.560001,47.900002,46.560001,47.900002,47.900002,401900
2022-10-05,46.990002,48.630001,46.980000,48.490002,48.490002,188300
2022-10-06,48.470001,49.080002,48.470001,48.759998,48.759998,278300
2022-10-07,47.959999,48.090000,47.195000,47.759998,47.759998,438100
2022-10-10,47.610001,48.150002,44.590000,45.360001,45.360001,2962500
2022-10-11,45.320000,45.320000,43.950001,44.520000,44.520000,322600
2022-10-12,44.459999,45.169998,44.259998,44.799999,44.799999,204200
2022-10-13,43.709999,45.730000,43.169998,45.540001,45.540001,223400
2022-10-14,45.840000,45.900002,43.860001,43.930000,43.930000,130000
2022-10-17,44.450001,45.590000,44.450001,45.349998,45.349998,267000
2022-10-18,46.389999,46.904999,45.599998,46.029999,46.029999,166700
2022-10-19,45.389999,45.880001,45.075001,45.400002,45.400002,350100
2022-10-20,45.490002,46.470001,44.764999,44.919998,44.919998,516600
2022-10-21,44.990002,45.939999,44.180000,45.759998,45.759998,235200
2022-10-24,45.580002,46.599998,45.049999,46.439999,46.439999,158200
2022-10-25,46.779999,47.667999,46.639999,47.400002,47.400002,186900
2022-10-26,47.139999,48.145000,46.750000,47.110001,47.110001,213200
2022-10-27,47.410000,48.340000,47.070000,47.540001,47.540001,185600
2022-10-28,47.730000,49.060001,47.470001,48.980000,48.980000,174800
2022-10-31,48.490002,49.389999,47.990002,49.049999,49.049999,207700
2022-11-01,49.880001,50.009998,48.230000,48.580002,48.580002,153200
2022-11-02,48.400002,49.360001,47.020000,47.060001,47.060001,441000
2022-11-03,46.549999,47.610001,45.330002,45.529999,45.529999,467000
2022-11-04,47.639999,48.000000,44.349998,45.490002,45.490002,515500
2022-11-07,45.490002,46.910000,44.825001,46.520000,46.520000,249200
2022-11-08,46.930000,47.634998,45.840000,46.560001,46.560001,368200
2022-11-09,45.910000,45.990002,44.529999,44.630001,44.630001,258200
2022-11-10,46.419998,48.165001,46.099998,47.950001,47.950001,468900
2022-11-11,48.049999,49.470001,47.381001,48.779999,48.779999,413100
2022-11-14,49.009998,49.360001,47.865002,48.720001,48.720001,315800
2022-11-15,49.770000,50.419998,49.450001,50.070000,50.070000,674400
2022-11-16,50.740002,50.740002,48.990002,49.130001,49.130001,257300
2022-11-17,48.639999,48.759998,47.470001,47.630001,47.630001,188600
2022-11-18,48.730000,49.470001,46.860001,47.090000,47.090000,387200
2022-11-21,46.900002,48.115002,45.540001,45.799999,45.799999,296900
2022-11-22,45.990002,46.500000,44.759998,46.310001,46.310001,1586500
2022-11-23,46.310001,47.459999,46.000000,47.250000,47.250000,239300
2022-11-25,47.220001,47.650002,45.560001,47.299999,47.299999,123400
2022-11-28,47.060001,47.189999,46.290001,46.619999,46.619999,646400
2022-11-29,46.630001,47.349998,46.514999,46.810001,46.810001,225100
2022-11-30,46.730000,49.160000,46.494999,49.070000,49.070000,817000
2022-12-01,49.130001,50.369999,48.112999,50.299999,50.299999,152600
2022-12-02,49.400002,49.990002,49.310001,49.880001,49.880001,159500
2022-12-05,49.480000,49.540001,47.869999,48.160000,48.160000,699400
2022-12-06,48.139999,48.160000,46.415001,47.459999,47.459999,198000
2022-12-07,47.459999,48.000000,47.035000,47.959999,47.959999,486200
2022-12-08,47.930000,49.110001,47.930000,48.070000,48.070000,144100
2022-12-09,47.660000,48.310001,47.380001,47.490002,47.490002,269700
2022-12-12,47.310001,48.180000,47.230000,47.509998,47.509998,267300
2022-12-13,48.880001,50.233002,48.320000,48.770000,48.770000,276300
2022-12-14,48.639999,48.990002,47.740002,48.009998,48.009998,318400
2022-12-15,47.279999,48.490002,45.700001,45.910000,45.910000,328300
2022-12-16,45.209999,47.000000,44.700001,44.970001,44.970001,474900
2022-12-19,44.750000,45.259998,43.820000,44.049999,44.049999,279500
2022-12-20,43.799999,45.080002,43.730000,44.580002,44.580002,247500
2022-12-21,44.709999,45.750000,44.500000,45.430000,45.430000,186200
2022-12-22,44.950001,45.299999,44.264999,45.110001,45.110001,384000
2022-12-23,44.990002,45.900002,44.220001,44.590000,44.590000,182600
2022-12-27,44.500000,44.590000,43.676998,43.889999,43.889999,165300
2022-12-28,43.689999,44.529999,43.689999,43.849998,43.849998,193500
2022-12-29,44.380001,45.919998,44.250000,45.790001,45.790001,144000
2022-12-30,45.279999,45.669998,45.020000,45.470001,45.470001,132000
2023-01-03,46.189999,47.340000,45.955002,46.349998,46.349998,395500
2023-01-04,46.980000,47.430000,46.348000,47.139999,47.139999,322100
2023-01-05,46.619999,46.950001,45.570000,45.599998,45.599998,187200
2023-01-06,46.139999,47.099998,45.049999,46.950001,46.950001,138900
2023-01-09,47.860001,49.110001,47.450001,48.160000,48.160000,227200
2023-01-10,47.970001,48.919998,47.959999,48.900002,48.900002,119200
2023-01-11,48.950001,49.540001,48.380001,49.500000,49.500000,127400
2023-01-12,49.630001,50.090000,48.540001,49.849998,49.849998,194200
2023-01-13,49.950001,50.290001,49.290001,49.779999,49.779999,151400
2023-01-17,49.650002,50.310001,49.615002,50.180000,50.180000,221000
2023-01-18,50.580002,52.139999,50.459999,50.580002,50.580002,359300
2023-01-19,50.099998,51.484001,49.779999,51.330002,51.330002,254000
2023-01-20,51.790001,52.189999,49.974998,51.930000,51.930000,208000
2023-01-23,52.119999,53.540001,51.884998,53.529999,53.529999,262600
2023-01-24,53.040001,54.009998,52.000000,52.419998,52.419998,542000
2023-01-25,51.669998,52.764999,50.889999,52.560001,52.560001,153300
2023-01-26,53.070000,53.299999,51.919998,52.650002,52.650002,140900
2023-01-27,52.299999,53.509998,51.825001,53.259998,53.259998,252400
2023-01-30,52.759998,53.259998,52.160000,52.279999,52.279999,88000
2023-01-31,52.459999,53.150002,52.410000,53.099998,53.099998,186600
2023-02-01,53.349998,55.244999,53.349998,54.970001,54.970001,263000
2023-02-02,55.029999,59.889999,55.029999,59.110001,59.110001,833200
2023-02-03,57.639999,58.564999,56.939999,57.770000,57.770000,304500
2023-02-06,57.139999,57.740002,56.900002,57.070000,57.070000,187600
2023-02-07,56.790001,58.270000,56.639999,58.119999,58.119999,126500
2023-02-08,57.939999,58.459999,56.490002,56.709999,56.709999,234200
2023-02-09,57.470001,57.980000,56.419998,56.639999,56.639999,115700
2023-02-10,56.000000,57.075001,55.820000,55.820000,55.820000,239500
2023-02-13,56.070000,57.270000,56.020000,56.990002,56.990002,229000
2023-02-14,56.560001,58.049999,55.869999,57.480000,57.480000,143200
2023-02-15,57.139999,58.310001,56.910000,58.180000,58.180000,173300
2023-02-16,56.660000,57.945000,56.660000,57.099998,57.099998,226200
2023-02-17,56.810001,57.009998,55.520000,55.560001,55.560001,268300
2023-02-21,54.730000,55.520000,54.299999,54.680000,54.680000,336300
2023-02-22,55.029999,56.005001,53.919998,54.759998,54.759998,373700
2023-02-23,55.349998,56.869999,55.325001,56.570000,56.570000,476900
2023-02-24,58.500000,63.665001,57.970001,63.540001,63.540001,847200
2023-02-27,63.939999,64.949997,61.879002,64.940002,64.940002,685200
2023-02-28,64.480003,65.250000,63.505001,64.059998,64.059998,966900
2023-03-01,63.840000,64.940002,63.255001,64.699997,64.699997,476200
2023-03-02,64.580002,65.470001,63.340000,65.190002,65.190002,238300
2023-03-03,65.430000,66.000000,64.629997,65.730003,65.730003,318800
2023-03-06,65.639999,66.430000,65.214996,66.320000,66.320000,332500
2023-03-07,66.500000,67.286003,65.970001,66.440002,66.440002,450000
2023-03-08,66.279999,67.589996,66.110001,67.269997,67.269997,366900
2023-03-09,67.250000,67.613998,65.739998,65.779999,65.779999,423600
2023-03-10,65.660004,65.800003,63.240002,63.299999,63.299999,625300
2023-03-13,62.490002,65.650002,61.740002,64.849998,64.849998,470900
2023-03-14,66.209999,66.669998,65.190002,66.540001,66.540001,484500
2023-03-15,65.470001,67.059998,65.120003,67.000000,67.000000,340300
2023-03-16,64.949997,68.389999,64.949997,68.110001,68.110001,380300
2023-03-17,68.110001,70.540001,67.589996,69.570000,69.570000,796000
2023-03-20,69.379997,69.820000,68.120003,69.730003,69.730003,290500
2023-03-21,69.989998,70.084999,69.360001,69.489998,69.489998,234200
2023-03-22,69.120003,70.000000,68.169998,68.209999,68.209999,342100
2023-03-23,68.860001,69.760002,68.309998,68.849998,68.849998,235700
2023-03-24,68.760002,69.099998,67.930000,68.860001,68.860001,392700
2023-03-27,69.110001,69.565002,68.320000,69.169998,69.169998,455100
2023-03-28,69.010002,69.629997,68.500000,69.540001,69.540001,230600
2023-03-29,70.050003,70.629997,69.389999,69.930000,69.930000,229800
2023-03-30,70.290001,71.099998,70.190002,70.800003,70.800003,188800
2023-03-31,71.110001,72.505997,71.110001,72.110001,72.110001,442600
2023-04-03,71.379997,71.739998,70.400002,71.230003,71.230003,571400
2023-04-04,71.660004,72.660004,71.379997,71.830002,71.830002,244600
2023-04-05,71.690002,71.690002,69.959999,70.680000,70.680000,141300
2023-04-06,70.190002,71.230003,69.755997,70.290001,70.290001,292900
2023-04-10,69.540001,71.599998,69.339996,71.559998,71.559998,262200
2023-04-11,71.070000,71.617996,70.190002,70.629997,70.629997,287900
2023-04-12,71.190002,71.970001,70.759003,71.019997,71.019997,184700
2023-04-13,71.250000,71.904999,70.970001,71.769997,71.769997,328800
2023-04-14,71.669998,72.129997,70.589996,71.160004,71.160004,233200
2023-04-17,70.970001,71.305000,69.919998,70.320000,70.320000,162200
2023-04-18,70.750000,71.103996,70.019997,70.459999,70.459999,186500
2023-04-19,69.989998,70.570000,69.769997,70.000000,70.000000,154600
2023-04-20,69.449997,71.110001,69.180000,70.410004,70.410004,196600
2023-04-21,70.339996,71.519997,70.339996,70.790001,70.790001,286400
2023-04-24,70.949997,71.940002,70.669998,71.209999,71.209999,471500
2023-04-25,70.589996,70.959999,68.500000,69.169998,69.169998,237700
2023-04-26,69.570000,70.430000,68.489998,68.839996,68.839996,219000
2023-04-27,68.870003,69.400002,68.349998,69.370003,69.370003,139300
2023-04-28,68.599998,69.709999,68.300003,69.050003,69.050003,188900
2023-05-01,68.629997,69.544998,68.379997,68.970001,68.970001,389900
2023-05-02,68.940002,69.160004,67.449997,67.489998,67.489998,321100
2023-05-03,67.570000,68.190002,67.029999,67.120003,67.120003,277100
2023-05-04,66.919998,67.610001,65.970001,66.889999,66.889999,319700
2023-05-05,68.000000,68.980003,65.559998,68.230003,68.230003,483100
2023-05-08,68.489998,68.620003,66.779999,67.650002,67.650002,182700
2023-05-09,67.570000,68.040001,66.980003,67.250000,67.250000,261900
2023-05-10,67.820000,68.730003,67.730003,68.540001,68.540001,238300
2023-05-11,68.349998,68.839996,67.029999,67.519997,67.519997,138300
2023-05-12,67.400002,68.095001,67.010002,67.599998,67.599998,134000
2023-05-15,67.470001,68.339996,67.160004,68.080002,68.080002,182000
2023-05-16,67.760002,68.389999,67.489998,67.949997,67.949997,169100
2023-05-17,67.959999,68.809998,67.400002,68.480003,68.480003,273400
2023-05-18,68.480003,70.000000,66.769997,69.820000,69.820000,244200
2023-05-19,70.169998,70.364998,69.690002,69.889999,69.889999,196400
2023-05-22,69.970001,71.489998,69.889999,71.360001,71.360001,230900
2023-05-23,71.070000,71.529999,69.849998,69.910004,69.910004,218900
2023-05-24,69.389999,70.180000,68.690002,69.629997,69.629997,252700
2023-05-25,70.129997,72.790001,69.860001,72.260002,72.260002,424300
2023-05-26,72.190002,75.000000,72.190002,74.519997,74.519997,522200
2023-05-30,75.120003,76.160004,74.809998,75.559998,75.559998,289800
2023-05-31,75.120003,75.589996,73.080002,73.330002,73.330002,857600
2023-06-01,72.839996,75.345001,71.500000,74.989998,74.989998,242200
2023-06-02,75.190002,75.629997,73.860001,74.610001,74.610001,380900
2023-06-05,73.720001,75.290001,73.522003,75.239998,75.239998,235600
2023-06-06,74.959999,74.959999,73.820000,74.699997,74.699997,413900
2023-06-07,74.000000,75.500000,74.000000,74.260002,74.260002,529800
2023-06-08,74.099998,74.639999,73.279999,74.190002,74.190002,281100
2023-06-09,74.059998,75.879997,74.059998,75.190002,75.190002,316500
2023-06-12,75.669998,76.849998,74.970001,76.400002,76.400002,456600
2023-06-13,77.110001,78.489998,76.400002,77.580002,77.580002,494500
2023-06-14,77.080002,77.500000,75.400002,76.440002,76.440002,304600
2023-06-15,75.889999,76.709999,75.004997,76.400002,76.400002,411600
2023-06-16,76.760002,76.760002,74.330002,74.440002,74.440002,680200
2023-06-20,73.709999,74.830002,73.360001,73.980003,73.980003,221200
2023-06-21,73.870003,73.870003,72.739998,73.239998,73.239998,259300
2023-06-22,72.760002,73.544998,72.169998,72.519997,72.519997,207800
2023-06-23,71.610001,72.620003,71.599998,71.730003,71.730003,452100
2023-06-26,71.599998,72.120003,70.889999,70.919998,70.919998,184100
2023-06-27,71.269997,73.750000,71.250000,73.589996,73.589996,335100
2023-06-28,73.839996,74.959999,73.699997,74.410004,74.410004,270600
2023-06-29,74.760002,75.440002,74.470001,75.019997,75.019997,228100
2023-06-30,75.410004,76.480003,75.029999,75.839996,75.839996,191400
2023-07-03,75.500000,75.500000,74.000000,75.349998,75.349998,121700
2023-07-05,74.860001,75.139999,74.230003,74.519997,74.519997,143200
2023-07-06,73.470001,73.510002,72.220001,72.709999,72.709999,281800
2023-07-07,72.639999,73.695000,71.690002,71.790001,71.790001,277800
2023-07-10,71.360001,73.690002,71.360001,73.690002,73.690002,336400
2023-07-11,73.750000,74.160004,72.955002,73.610001,73.610001,205200
2023-07-12,74.760002,75.349998,74.035004,74.889999,74.889999,157600
2023-07-13,75.290001,76.480003,75.279999,75.440002,75.440002,279100
2023-07-14,75.430000,75.750000,74.608002,74.970001,74.970001,169000
2023-07-17,74.629997,75.589996,73.849998,75.199997,75.199997,254400
2023-07-18,74.989998,75.190002,73.919998,74.910004,74.910004,197600
2023-07-19,75.000000,75.669998,73.660004,74.220001,74.220001,287600
2023-07-20,74.000000,74.425003,72.180000,72.320000,72.320000,174200
2023-07-21,73.279999,74.000000,72.650002,73.470001,73.470001,268300
2023-07-24,73.570000,73.570000,72.000000,72.599998,72.599998,132400
2023-07-25,72.669998,74.019997,72.500000,73.570000,73.570000,123300
2023-07-26,73.339996,73.550003,72.610001,73.169998,73.169998,167000
2023-07-27,74.239998,74.717003,72.779999,73.190002,73.190002,148200
2023-07-28,73.629997,74.690002,73.250000,74.059998,74.059998,223200
2023-07-31,74.470001,75.070000,74.180000,74.940002,74.940002,208900
2023-08-01,74.680000,74.980003,73.879997,74.410004,74.410004,168200
2023-08-02,73.500000,73.750000,71.930000,72.209999,72.209999,227100
2023-08-03,71.519997,72.129997,70.309998,70.570000,70.570000,223200
2023-08-04,70.089996,70.089996,62.450001,63.799999,63.799999,924000
2023-08-07,63.669998,64.180000,62.430000,62.669998,62.669998,352100
2023-08-08,62.500000,62.680000,61.349998,62.070000,62.070000,298000
2023-08-09,61.880001,62.209999,61.099998,61.240002,61.240002,242000
2023-08-10,61.650002,61.955002,61.130001,61.599998,61.599998,326200
2023-08-11,61.369999,62.880001,61.224998,62.630001,62.630001,289700
2023-08-14,62.259998,63.099998,62.095001,63.060001,63.060001,232400
2023-08-15,62.599998,63.080002,62.529999,62.599998,62.599998,136500
2023-08-16,62.669998,62.990002,62.029999,62.060001,62.060001,189500
2023-08-17,62.230000,62.230000,60.770000,60.840000,60.840000,221400
2023-08-18,60.279999,61.529999,60.029999,61.029999,61.029999,318600
2023-08-21,61.150002,61.980000,61.150002,61.299999,61.299999,142300
2023-08-22,61.779999,61.990002,61.305000,61.529999,61.529999,109200
2023-08-23,61.540001,64.040001,61.384998,63.900002,63.900002,267300
2023-08-24,64.139999,64.150002,62.535000,62.910000,62.910000,183800
2023-08-25,63.130001,64.279999,62.810001,64.180000,64.180000,270200
2023-08-28,64.239998,64.779999,63.980000,64.209999,64.209999,175400
2023-08-29,64.040001,65.620003,63.959999,65.519997,65.519997,263300
2023-08-30,65.330002,66.860001,65.250000,66.629997,66.629997,259400
2023-08-31,66.599998,67.860001,66.355003,66.480003,66.480003,412700
2023-09-01,66.660004,67.660004,66.660004,67.070000,67.070000,234600
2023-09-05,66.769997,66.940002,65.680000,65.910004,65.910004,177100
2023-09-06,65.910004,66.535004,65.690002,65.970001,65.970001,149700
2023-09-07,65.480003,65.875000,64.919998,65.559998,65.559998,132900
2023-09-08,65.519997,65.855003,64.910004,65.500000,65.500000,214800
2023-09-11,65.790001,66.930000,65.070000,66.410004,66.410004,215400
2023-09-12,65.779999,66.099998,63.900002,64.150002,64.150002,168600
2023-09-13,64.089996,64.834999,63.529999,64.379997,64.379997,182900
2023-09-14,64.529999,65.875000,64.309998,65.510002,65.510002,153600
2023-09-15,65.449997,65.980003,64.660004,65.419998,65.419998,399800
2023-09-18,65.180000,65.650002,65.089996,65.580002,65.580002,157700
2023-09-19,65.440002,65.440002,63.730000,63.939999,63.939999,195600
2023-09-20,63.930000,64.559998,63.369999,63.404999,63.404999,120100
2023-09-21,62.740002,63.180000,61.619999,61.639999,61.639999,179100
2023-09-22,61.570000,62.680000,61.570000,62.270000,62.270000,184000
2023-09-25,61.740002,61.939999,60.759998,60.900002,60.900002,183500
2023-09-26,60.470001,61.290001,60.049999,60.720001,60.720001,193100
2023-09-27,61.299999,61.307999,60.000000,60.990002,60.990002,276500
2023-09-28,60.700001,62.049999,60.500000,61.799999,61.799999,247800
2023-09-29,62.470001,62.840000,62.000000,62.560001,62.560001,408700
2023-10-02,62.599998,63.450001,62.110001,62.799999,62.799999,206600
2023-10-03,62.490002,63.130001,61.619999,62.950001,62.950001,376900
2023-10-04,63.369999,64.629997,61.950001,64.550003,64.550003,320400
2023-10-05,64.879997,66.120003,64.599998,65.989998,65.989998,399900
2023-10-06,65.430000,67.425003,64.879997,65.000000,65.000000,704700
2023-10-09,64.500000,66.000000,64.010002,65.930000,65.930000,322700
2023-10-10,65.930000,67.690002,65.459999,67.000000,67.000000,335500
2023-10-11,67.110001,68.010002,66.870003,67.870003,67.870003,230800
2023-10-12,67.639999,68.080002,66.629997,66.970001,66.970001,191400
2023-10-13,66.959999,67.250000,65.154999,65.570000,65.570000,229500
2023-10-16,65.879997,66.070000,63.944000,65.370003,65.370003,497100
2023-10-17,64.639999,65.320000,64.000000,64.320000,64.320000,399000
2023-10-18,63.740002,64.239998,63.430000,63.630001,63.630001,168200
2023-10-19,63.529999,63.650002,62.470001,62.540001,62.540001,187400
2023-10-20,62.639999,62.639999,60.889999,61.139999,61.139999,233400
2023-10-23,60.840000,61.669998,60.119999,60.520000,60.520000,342300
2023-10-24,60.720001,61.410000,59.705002,61.000000,61.000000,309500
2023-10-25,60.520000,60.520000,59.509998,59.700001,59.700001,283000
2023-10-26,59.939999,61.230000,59.020000,59.639999,59.639999,188200
2023-10-27,60.000000,60.119999,59.080002,59.490002,59.490002,153300
2023-10-30,60.070000,60.259998,59.509998,59.939999,59.939999,147900
2023-10-31,59.939999,62.200001,59.650002,62.119999,62.119999,372600
2023-11-01,61.959999,62.169998,60.340000,62.099998,62.099998,565700
2023-11-02,63.000000,63.000000,57.590000,59.110001,59.110001,799200
2023-11-03,60.330002,65.945000,60.330002,65.739998,65.739998,556700
2023-11-06,65.860001,66.959999,65.250000,66.900002,66.900002,376800
2023-11-07,66.980003,69.035004,66.510002,68.449997,68.449997,584300
2023-11-08,68.410004,69.555000,67.639999,69.349998,69.349998,364800
2023-11-09,69.620003,69.970001,68.250000,69.430000,69.430000,328500
2023-11-10,69.050003,70.070000,68.440002,70.029999,70.029999,296900
2023-11-13,69.900002,70.500000,68.964996,70.349998,70.349998,217900
2023-11-14,72.000000,74.599998,71.879997,74.360001,74.360001,479500
2023-11-15,74.190002,74.589996,72.849998,73.959999,73.959999,341000
2023-11-16,73.769997,74.029999,70.919998,72.389999,72.389999,368300
2023-11-17,72.839996,74.595001,72.459999,74.000000,74.000000,356500
2023-11-20,73.690002,74.348999,73.080002,74.160004,74.160004,320200
2023-11-21,73.459999,73.879997,72.019997,72.430000,72.430000,278600
2023-11-22,73.230003,73.480003,71.739998,71.739998,71.739998,247200
2023-11-24,71.599998,72.394997,68.870003,72.285004,72.285004,78100
2023-11-27,71.760002,72.650002,71.589996,71.660004,71.660004,150800
2023-11-28,71.279999,72.320000,71.120003,71.570000,71.570000,112700
2023-11-29,72.489998,73.834999,71.824997,71.970001,71.970001,233800
2023-11-30,71.790001,72.650002,71.535004,72.459999,72.459999,538300
2023-12-01,72.550003,73.410004,71.820000,72.300003,72.300003,524500
2023-12-04,71.110001,72.470001,70.410004,71.839996,71.839996,358600
2023-12-05,71.550003,71.550003,70.300003,71.000000,71.000000,280000
2023-12-06,71.480003,73.080002,70.610001,70.680000,70.680000,249000
2023-12-07,70.790001,71.071999,70.070000,70.820000,70.820000,383200
2023-12-08,70.320000,71.900002,70.230003,71.349998,71.349998,219200
2023-12-11,71.160004,73.190002,71.160004,72.690002,72.690002,414200
2023-12-12,72.769997,74.239998,72.290001,74.150002,74.150002,176000
2023-12-13,73.830002,74.500000,72.330002,73.459999,73.459999,426600
2023-12-14,74.419998,74.730003,73.214996,74.349998,74.349998,313100
2023-12-15,74.660004,74.849998,73.375000,74.180000,74.180000,508800
2023-12-18,74.040001,74.699997,73.540001,74.169998,74.169998,274500
2023-12-19,74.650002,75.000000,73.610001,73.639999,73.639999,264400
2023-12-20,73.519997,76.154999,73.334999,74.230003,74.230003,435000
2023-12-21,75.199997,75.199997,73.690002,74.709999,74.709999,429100
2023-12-22,77.940002,84.577003,77.000000,83.290001,83.290001,1339400
2023-12-26,83.099998,84.290001,82.580002,83.940002,83.940002,479400
2023-12-27,83.750000,84.519997,83.099998,84.239998,84.239998,279300
2023-12-28,84.349998,84.919998,83.810997,84.419998,84.419998,190400
2023-12-29,84.040001,84.830002,83.050003,84.150002,84.150002,263400
2024-01-02,82.309998,82.309998,77.889999,78.089996,78.089996,606300
2024-01-03,77.010002,78.425003,75.980003,76.510002,76.510002,541300
2024-01-04,77.029999,79.154999,76.500000,78.139999,78.139999,530500
2024-01-05,77.510002,80.330002,77.290001,80.000000,80.000000,563500
2024-01-08,79.989998,82.750000,79.989998,82.610001,82.610001,527600
2024-01-09,81.629997,82.650002,81.386002,82.000000,82.000000,307200
2024-01-10,81.900002,83.739998,81.320000,83.529999,83.529999,319700
2024-01-11,83.639999,84.478996,82.940002,83.459999,83.459999,408000
2024-01-12,84.349998,84.539001,83.019997,84.230003,84.230003,321600
2024-01-16,83.139999,84.339996,82.595001,84.330002,84.330002,380900
2024-01-17,83.050003,85.180000,82.989998,84.820000,84.820000,506600
2024-01-18,85.239998,86.989998,83.360001,85.160004,85.160004,567000
2024-01-19,85.690002,85.849998,84.345001,85.720001,85.720001,333100
2024-01-22,86.910004,88.360001,86.010002,88.120003,88.120003,522000
2024-01-23,88.489998,88.860001,86.660004,87.680000,87.680000,586500
2024-01-24,87.879997,88.989998,85.461998,85.589996,85.589996,486400
2024-01-25,87.150002,87.379997,84.889999,85.500000,85.500000,346200
2024-01-26,85.300003,85.800003,84.940002,85.239998,85.239998,402700
2024-01-29,85.400002,87.300003,85.345001,87.199997,87.199997,371000
2024-01-30,87.209999,87.209999,86.529999,86.820000,86.820000,212100
2024-01-31,86.589996,86.815002,84.980003,85.019997,85.019997,395600
2024-02-01,85.769997,86.080002,84.019997,85.970001,85.970001,256400
2024-02-02,85.949997,88.035004,85.449997,87.660004,87.660004,355000
2024-02-05,86.639999,87.635002,85.568001,86.860001,86.860001,312700
2024-02-06,87.269997,88.940002,86.370003,88.690002,88.690002,524600
2024-02-07,89.000000,89.559998,88.074997,89.480003,89.480003,259000
2024-02-08,89.800003,90.739998,89.678001,90.110001,90.110001,363100
2024-02-09,91.000000,92.919998,90.402000,92.260002,92.260002,453300
2024-02-12,92.010002,92.489998,89.589996,90.019997,90.019997,353500
2024-02-13,87.089996,88.059998,84.820000,85.900002,85.900002,585300
2024-02-14,87.199997,89.349998,86.849998,88.959999,88.959999,341400
2024-02-15,89.959999,92.014999,89.269997,91.680000,91.680000,499000
2024-02-16,91.699997,91.834999,90.010002,90.470001,90.470001,347400
2024-02-20,89.309998,90.000000,86.779999,87.839996,87.839996,306300
2024-02-21,86.849998,87.535004,85.849998,86.910004,86.910004,417900
2024-02-22,89.169998,90.885002,89.129997,89.860001,89.860001,588400
2024-02-23,87.480003,88.820000,82.500000,85.519997,85.519997,1096700
2024-02-26,86.000000,86.500000,83.480003,85.269997,85.269997,973400
2024-02-27,85.660004,86.000000,84.055000,84.559998,84.559998,529200
2024-02-28,83.650002,85.144997,83.650002,84.639999,84.639999,492700
2024-02-29,85.360001,85.970001,84.800003,85.080002,85.080002,738800
2024-03-01,85.279999,86.190002,84.584999,85.680000,85.680000,325400
2024-03-04,85.320000,86.410004,85.320000,85.790001,85.790001,325900
2024-03-05,85.010002,85.010002,81.089996,81.519997,81.519997,372700
2024-03-06,83.010002,83.879997,82.129997,82.595001,82.595001,340000
2024-03-07,83.059998,83.720001,82.099998,83.500000,83.500000,302900
2024-03-08,83.959999,84.500000,82.379997,82.470001,82.470001,271600
2024-03-11,82.110001,83.349998,81.750000,82.410004,82.410004,277400
2024-03-12,81.760002,83.110001,81.175003,82.150002,82.150002,367800
2024-03-13,81.660004,82.320000,80.830002,81.419998,81.419998,381100
2024-03-14,81.860001,82.300003,80.599998,81.580002,81.580002,443000
2024-03-15,80.860001,81.029999,78.370003,79.029999,79.029999,626600
2024-03-18,79.160004,81.394997,79.080002,80.279999,80.279999,369900
2024-03-19,79.769997,81.529999,79.680000,80.620003,80.620003,317100
2024-03-20,80.250000,83.660004,80.250000,83.169998,83.169998,431700
2024-03-21,84.160004,87.410004,83.760002,86.800003,86.800003,563600
2024-03-22,87.440002,87.690002,83.910004,84.550003,84.550003,342200
2024-03-25,84.800003,85.879997,84.320000,84.370003,84.370003,227900
2024-03-26,85.379997,86.110001,84.599998,85.129997,85.129997,274900
2024-03-27,85.489998,86.410004,84.169998,86.269997,86.269997,333700
2024-03-28,86.550003,86.550003,85.660004,86.150002,86.150002,563800
2024-04-01,86.540001,86.790001,84.705002,85.470001,85.470001,244700
2024-04-02,84.000000,84.260002,82.949997,83.760002,83.760002,301800
2024-04-03,83.180000,85.254997,82.989998,83.669998,83.669998,291700
2024-04-04,84.820000,86.269997,83.449997,83.459999,83.459999,293600
2024-04-05,83.459999,84.790001,82.949997,84.570000,84.570000,313600
2024-04-08,84.660004,86.349998,84.660004,85.930000,85.930000,226900
2024-04-09,86.379997,86.980003,84.377998,85.139999,85.139999,523100
2024-04-10,82.830002,84.782997,81.650002,82.129997,82.129997,356900
2024-04-11,82.480003,84.239998,82.070000,83.669998,83.669998,298700
2024-04-12,82.669998,82.889999,81.660004,82.099998,82.099998,265000
2024-04-15,82.370003,83.510002,80.680000,81.019997,81.019997,269800
2024-04-16,80.610001,81.720001,80.302002,81.139999,81.139999,182300
2024-04-17,81.599998,81.910004,80.430000,80.559998,80.559998,201800
2024-04-18,80.919998,82.800003,80.000000,80.769997,80.769997,567700
2024-04-19,80.839996,82.510002,80.839996,82.320000,82.320000,684800
2024-04-22,83.059998,83.260002,81.300003,82.220001,82.220001,424300
2024-04-23,82.400002,83.860001,82.400002,83.779999,83.779999,178600
2024-04-24,83.660004,84.614998,82.610001,83.449997,83.449997,256800
2024-04-25,82.010002,83.445000,82.010002,83.175003,83.175003,369100
2024-04-26,83.529999,84.379997,83.504997,83.580002,83.580002,277400
2024-04-29,83.959999,84.175003,82.065002,82.459999,82.459999,698300
2024-04-30,82.349998,83.080002,80.190002,80.449997,80.449997,470600
2024-05-01,80.790001,82.639999,79.834999,81.410004,81.410004,420300
2024-05-02,81.669998,81.970001,80.230003,81.750000,81.750000,490900
2024-05-03,78.209999,81.870003,77.406998,81.470001,81.470001,424100
2024-05-06,81.660004,83.320000,81.482002,83.019997,83.019997,358400
2024-05-07,82.889999,86.150002,82.760002,86.089996,86.089996,500400
2024-05-08,84.379997,85.820000,83.834999,85.199997,85.199997,703200
2024-05-09,85.309998,86.029999,84.989998,85.680000,85.680000,289400
2024-05-10,85.809998,86.379997,85.089996,85.639999,85.639999,241000
2024-05-13,85.769997,86.739998,85.070000,85.470001,85.470001,286900
2024-05-14,85.879997,86.790001,85.417000,86.750000,86.750000,257700
2024-05-15,87.389999,90.919998,86.529999,90.860001,90.860001,409300
2024-05-16,90.720001,91.180000,89.230003,91.080002,91.080002,363900
2024-05-17,91.000000,91.754997,90.014999,90.500000,90.500000,389100
2024-05-20,90.139999,92.345001,90.000000,91.470001,91.470001,409200
2024-05-21,90.980003,91.250000,90.040001,90.739998,90.739998,254600
2024-05-22,90.500000,91.470001,90.050003,90.650002,90.650002,226400
2024-05-23,90.589996,91.879997,90.470001,90.760002,90.760002,302800
2024-05-24,90.849998,92.980003,90.849998,92.900002,92.900002,243000
2024-05-28,93.320000,93.690002,90.275002,90.870003,90.870003,333600
2024-05-29,89.959999,90.790001,89.214996,89.680000,89.680000,254800
2024-05-30,89.470001,89.470001,88.269997,88.360001,88.360001,214900
2024-05-31,88.809998,89.080002,86.720001,87.330002,87.330002,379000
2024-06-03,87.809998,87.959999,84.690002,86.519997,86.519997,409100
2024-06-04,86.070000,87.440002,85.379997,87.099998,87.099998,257300
2024-06-05,87.980003,89.410004,87.500000,89.180000,89.180000,231200
2024-06-06,88.519997,88.959999,85.934998,86.220001,86.220001,254100
2024-06-07,85.449997,86.300003,85.000000,85.459999,85.459999,291800
2024-06-10,89.000000,96.839996,89.000000,92.919998,92.919998,1956600
2024-06-11,91.870003,94.599998,91.440002,94.470001,94.470001,1042100
2024-06-12,95.150002,98.029999,95.150002,97.169998,97.169998,1213400
2024-06-13,97.169998,98.410004,95.449997,96.940002,96.940002,765400
2024-06-14,96.169998,97.550003,95.599998,96.610001,96.610001,731800
2024-06-17,97.070000,99.860001,96.570000,99.199997,99.199997,786300
2024-06-18,99.599998,100.790001,97.949997,98.400002,98.400002,777100
2024-06-20,97.419998,98.019997,95.555000,96.370003,96.370003,891100
2024-06-21,96.489998,96.959999,93.980003,95.220001,95.220001,8602700
2024-06-24,95.260002,98.300003,95.260002,96.029999,96.029999,677300
2024-06-25,95.930000,98.269997,95.410004,97.919998,97.919998,539000
2024-06-26,97.629997,99.000000,96.834000,98.489998,98.489998,442300
2024-06-27,98.519997,99.809998,97.750000,97.870003,97.870003,487200
2024-06-28,98.730003,99.830002,97.323997,98.080002,98.080002,1025300
2024-07-01,98.040001,98.500000,96.550003,97.540001,97.540001,374000
2024-07-02,97.809998,98.820000,97.239998,98.410004,98.410004,383800
2024-07-03,98.730003,99.000000,97.709999,98.139999,98.139999,140400
2024-07-05,98.279999,99.239998,98.165001,98.870003,98.870003,215900
2024-07-08,99.169998,99.260002,97.470001,97.769997,97.769997,294900
2024-07-09,97.730003,97.730003,95.919998,96.489998,96.489998,527100
2024-07-10,96.489998,98.629997,96.065002,98.620003,98.620003,317100
2024-07-11,99.739998,101.165001,99.110001,99.269997,99.269997,421800
2024-07-12,100.000000,101.385002,99.430000,100.250000,100.250000,336000
2024-07-15,97.339996,99.900002,96.550003,96.970001,96.970001,594700
2024-07-16,98.089996,99.199997,97.110001,97.669998,97.669998,564700
2024-07-17,96.519997,96.879997,93.709999,94.080002,94.080002,518800
2024-07-18,94.250000,94.250000,90.150002,90.580002,90.580002,411300
2024-07-19,90.870003,90.940002,89.459999,89.730003,89.730003,352600
2024-07-22,90.169998,91.820000,90.059998,91.620003,91.620003,610800
2024-07-23,91.449997,94.070000,91.370003,91.860001,91.860001,576800
2024-07-24,90.849998,91.084999,87.330002,87.559998,87.559998,566500
2024-07-25,88.290001,89.070000,86.389999,87.169998,87.169998,700500
2024-07-26,88.760002,90.055000,87.250000,87.669998,87.669998,389300
2024-07-29,87.989998,89.139999,87.269997,87.339996,87.339996,387200
2024-07-30,87.949997,89.209999,86.389999,86.849998,86.849998,267500
2024-07-31,88.629997,89.790001,87.379997,88.360001,88.360001,357900
2024-08-01,87.989998,88.695000,84.220001,85.320000,85.320000,633900
2024-08-02,75.709999,86.400002,75.709999,82.790001,82.790001,807700
2024-08-05,78.529999,83.540001,78.334999,81.559998,81.559998,605000
2024-08-06,82.570000,84.144997,81.309998,82.889999,82.889999,459300
2024-08-07,84.809998,86.459999,83.589996,85.400002,85.400002,536100
2024-08-08,87.120003,89.239998,85.605003,89.220001,89.220001,398300
2024-08-09,88.830002,89.750000,88.360001,89.260002,89.260002,454100
2024-08-12,89.070000,90.000000,87.294998,87.570000,87.570000,229900
2024-08-13,88.199997,89.489998,87.544998,89.129997,89.129997,295500
2024-08-14,89.570000,90.199997,88.690002,89.709999,89.709999,496300
2024-08-15,91.629997,91.948997,90.250000,91.349998,91.349998,266900
2024-08-16,91.089996,91.879997,90.709999,91.349998,91.349998,377200
2024-08-19,91.419998,92.250000,91.120003,92.190002,92.190002,219100
2024-08-20,90.860001,92.250000,84.529999,85.839996,85.839996,1222200
2024-08-21,89.650002,90.019997,87.480003,89.830002,89.830002,565600
2024-08-22,90.000000,90.870003,88.629997,88.790001,88.790001,274600
2024-08-23,90.080002,90.839996,89.330002,90.410004,90.410004,325800